activity_id,term_id,term,academic_year,course_codes,section_ids,section_count,actual_enrollment,units_fixed,potential_course_sch,course_sch,all_listed_instructors,instructors,excluded_support_persons,qualifying_instructor_count,excluded_from_sch,exclusion_reason,enrollment_observation_date,early_enrollment_observation,manual_review_flag,fixed_unit_override,fixed_unit_override_reason,course_policy_exclusion,course_policy_exclusion_notes,group_study_policy_exclusion,enrollment_override_applied,enrollment_override_notes,data_quality_resolution
S-2238-1-10247,2238,Fall 2023,2023-24,UGIS 192B,10247,1,2,,0.0,0.0,Stefano Schiavon,Stefano Schiavon,,1,True,VARIABLE_UNITS,2023-10-09T12:00:00Z,True,False,False,,False,,False,False,,
S-2238-1-12977,2238,Fall 2023,2023-24,ESPM 195,12977,1,0,,0.0,0.0,Paolo D'Odorico,Paolo D'Odorico,,1,True,VARIABLE_UNITS,,True,False,False,,False,,False,False,,
S-2238-1-14808,2238,Fall 2023,2023-24,UGIS 192D,14808,1,2,,0.0,0.0,Laurel Larsen,Laurel Larsen,,1,True,VARIABLE_UNITS,2023-10-09T12:00:00Z,True,False,False,,False,,False,False,,
S-2238-1-14816,2238,Fall 2023,2023-24,UGIS 192D,14816,1,4,,0.0,0.0,Amy Pickering,Amy Pickering,,1,True,VARIABLE_UNITS,2023-10-09T12:00:00Z,True,False,False,,False,,False,False,,
S-2238-1-15108,2238,Fall 2023,2023-24,CIVENG 99,15108,1,0,,0.0,0.0,Maya Carrasquillo,Maya Carrasquillo,,1,True,VARIABLE_UNITS,,True,False,False,,False,,False,False,,
S-2238-1-15109,2238,Fall 2023,2023-24,CIVENG 99,15109,1,0,,0.0,0.0,Lisa Alvarez-Cohen,Lisa Alvarez-Cohen,,1,True,VARIABLE_UNITS,,True,False,False,,False,,False,False,,
S-2238-1-15170,2238,Fall 2023,2023-24,ENGIN 194,15170,1,1,3.0,3.0,3.0,Scott Moura,Scott Moura,,1,False,,2023-10-09T12:00:00Z,True,False,False,,False,,False,False,,
S-2238-1-15346,2238,Fall 2023,2023-24,GEOG 199,15346,1,0,,0.0,0.0,Laurel Larsen,Laurel Larsen,,1,True,VARIABLE_UNITS,2023-10-09T12:00:00Z,True,False,False,,False,,False,False,,
S-2238-1-16406,2238,Fall 2023,2023-24,CIVENG H194,16406,1,0,,0.0,0.0,Scott Moura,Scott Moura,,1,True,VARIABLE_UNITS,2023-10-09T12:00:00Z,True,False,False,,False,,False,False,,
S-2238-1-16407,2238,Fall 2023,2023-24,CIVENG H194,16407,1,2,,0.0,0.0,Susan Shaheen,Susan Shaheen,,1,True,VARIABLE_UNITS,2023-10-09T12:00:00Z,True,False,False,,False,,False,False,,
S-2238-1-16408,2238,Fall 2023,2023-24,CIVENG H194,16408,1,0,,0.0,0.0,Ashok Gadgil,Ashok Gadgil,,1,True,VARIABLE_UNITS,2023-10-09T12:00:00Z,True,False,False,,False,,False,False,,
S-2238-1-16409,2238,Fall 2023,2023-24,CIVENG H194,16409,1,0,,0.0,0.0,Staff/Unknown,Staff/Unknown,,0,True,VARIABLE_UNITS,,True,True,False,,False,,False,False,,
S-2238-1-16410,2238,Fall 2023,2023-24,CIVENG H194,16410,1,0,,0.0,0.0,Michael Cassidy,Michael Cassidy,,1,True,VARIABLE_UNITS,,True,False,False,,False,,False,False,,
S-2238-1-16411,2238,Fall 2023,2023-24,CIVENG H194,16411,1,0,,0.0,0.0,Staff/Unknown,Staff/Unknown,,0,True,VARIABLE_UNITS,,True,True,False,,False,,False,False,,
S-2238-1-16412,2238,Fall 2023,2023-24,CIVENG H194,16412,1,0,,0.0,0.0,Staff/Unknown,Staff/Unknown,,0,True,VARIABLE_UNITS,,True,True,False,,False,,False,False,,
S-2238-1-16413,2238,Fall 2023,2023-24,CIVENG H194,16413,1,0,,0.0,0.0,Staff/Unknown,Staff/Unknown,,0,True,VARIABLE_UNITS,,True,True,False,,False,,False,False,,
S-2238-1-16414,2238,Fall 2023,2023-24,CIVENG H194,16414,1,0,,0.0,0.0,Staff/Unknown,Staff/Unknown,,0,True,VARIABLE_UNITS,,True,True,False,,False,,False,False,,
S-2238-1-16415,2238,Fall 2023,2023-24,CIVENG H194,16415,1,0,,0.0,0.0,Staff/Unknown,Staff/Unknown,,0,True,VARIABLE_UNITS,,True,True,False,,False,,False,False,,
S-2238-1-16416,2238,Fall 2023,2023-24,CIVENG H194,16416,1,0,,0.0,0.0,Staff/Unknown,Staff/Unknown,,0,True,VARIABLE_UNITS,,True,True,False,,False,,False,False,,
S-2238-1-16514,2238,Fall 2023,2023-24,CIVENG 199,16514,1,0,,0.0,0.0,Norman Abrahamson,Norman Abrahamson,,1,True,VARIABLE_UNITS,2023-10-09T12:00:00Z,True,False,False,,False,,False,False,,
S-2238-1-16515,2238,Fall 2023,2023-24,CIVENG 199,16515,1,0,,0.0,0.0,Lisa Alvarez-Cohen,Lisa Alvarez-Cohen,,1,True,VARIABLE_UNITS,2023-10-09T12:00:00Z,True,False,False,,False,,False,False,,
S-2238-1-16516,2238,Fall 2023,2023-24,CIVENG 199,16516,1,1,,0.0,0.0,Joshua Apte,Joshua Apte,,1,True,VARIABLE_UNITS,2023-10-09T12:00:00Z,True,False,False,,False,,False,False,,
S-2238-1-16517,2238,Fall 2023,2023-24,CIVENG 199,16517,1,0,,0.0,0.0,Francisco Armero,Francisco Armero,,1,True,VARIABLE_UNITS,2023-10-09T12:00:00Z,True,False,False,,False,,False,False,,
S-2238-1-16518,2238,Fall 2023,2023-24,CIVENG 199,16518,1,0,,0.0,0.0,Roger Bales,Roger Bales,,1,True,VARIABLE_UNITS,2023-10-09T12:00:00Z,True,False,False,,False,,False,False,,
S-2238-1-16519,2238,Fall 2023,2023-24,CIVENG 199,16519,1,0,,0.0,0.0,Alexandre Bayen,Alexandre Bayen,,1,True,VARIABLE_UNITS,2023-10-09T12:00:00Z,True,True,False,,False,,False,False,,
S-2238-1-16520,2238,Fall 2023,2023-24,CIVENG 199,16520,1,1,,0.0,0.0,Tracy Becker,Tracy Becker,,1,True,VARIABLE_UNITS,2023-10-09T12:00:00Z,True,False,False,,False,,False,False,,
S-2238-1-16521,2238,Fall 2023,2023-24,CIVENG 199,16521,1,0,,0.0,0.0,Jonathan Bray,Jonathan Bray,,1,True,VARIABLE_UNITS,2023-10-09T12:00:00Z,True,False,False,,False,,False,False,,
S-2238-1-16522,2238,Fall 2023,2023-24,CIVENG 199,16522,1,0,,0.0,0.0,Michael Cassidy,Michael Cassidy,,1,True,VARIABLE_UNITS,2023-10-09T12:00:00Z,True,False,False,,False,,False,False,,
S-2238-1-16523,2238,Fall 2023,2023-24,CIVENG 199,16523,1,0,,0.0,0.0,Fotini Chow,Fotini Chow,,1,True,VARIABLE_UNITS,2023-10-09T12:00:00Z,True,False,False,,False,,False,False,,
S-2238-1-16524,2238,Fall 2023,2023-24,CIVENG 199,16524,1,0,,0.0,0.0,Carlos Daganzo,Carlos Daganzo,,1,True,VARIABLE_UNITS,2023-10-09T12:00:00Z,True,True,False,,False,,False,False,,
S-2238-1-16525,2238,Fall 2023,2023-24,CIVENG 199,16525,1,0,,0.0,0.0,Matthew De Jong,Matthew De Jong,,1,True,VARIABLE_UNITS,2023-10-09T12:00:00Z,True,False,False,,False,,False,False,,
S-2238-1-16526,2238,Fall 2023,2023-24,CIVENG 199,16526,1,0,,0.0,0.0,Filippos Filippou,Filippos Filippou,,1,True,VARIABLE_UNITS,2023-10-09T12:00:00Z,True,False,False,,False,,False,False,,
S-2238-1-16527,2238,Fall 2023,2023-24,CIVENG 199,16527,1,0,,0.0,0.0,Steven Glaser,Steven Glaser,,1,True,VARIABLE_UNITS,2023-10-09T12:00:00Z,True,True,False,,False,,False,False,,
S-2238-1-16528,2238,Fall 2023,2023-24,CIVENG 199,16528,1,1,,0.0,0.0,Ashok Gadgil,Ashok Gadgil,,1,True,VARIABLE_UNITS,2023-10-09T12:00:00Z,True,False,False,,False,,False,False,,
S-2238-1-16529,2238,Fall 2023,2023-24,CIVENG 199,16529,1,0,,0.0,0.0,Allen Goldstein,Allen Goldstein,,1,True,VARIABLE_UNITS,2023-10-09T12:00:00Z,True,False,False,,False,,False,False,,
S-2238-1-16530,2238,Fall 2023,2023-24,CIVENG 199,16530,1,0,,0.0,0.0,Marta Gonzalez,Marta Gonzalez,,1,True,VARIABLE_UNITS,2023-10-09T12:00:00Z,True,False,False,,False,,False,False,,
S-2238-1-16531,2238,Fall 2023,2023-24,CIVENG 199,16531,1,1,,0.0,0.0,Sanjay Govindjee,Sanjay Govindjee,,1,True,VARIABLE_UNITS,2023-10-09T12:00:00Z,True,False,False,,False,,False,False,,
S-2238-1-16532,2238,Fall 2023,2023-24,CIVENG 199,16532,1,0,,0.0,0.0,Mark Hansen,Mark Hansen,,1,True,VARIABLE_UNITS,2023-10-09T12:00:00Z,True,False,False,,False,,False,False,,
S-2238-1-16533,2238,Fall 2023,2023-24,CIVENG 199,16533,1,0,,0.0,0.0,Slawomir Hermanowicz,Slawomir Hermanowicz,,1,True,VARIABLE_UNITS,2023-10-09T12:00:00Z,True,True,False,,False,,False,False,,
S-2238-1-16534,2238,Fall 2023,2023-24,CIVENG 199,16534,1,0,,0.0,0.0,Arpad Horvath,Arpad Horvath,,1,True,VARIABLE_UNITS,2023-10-09T12:00:00Z,True,False,False,,False,,False,False,,
S-2238-1-16535,2238,Fall 2023,2023-24,CIVENG 199,16535,1,0,,0.0,0.0,Charles Ibbs,Charles Ibbs,,1,True,VARIABLE_UNITS,2023-10-09T12:00:00Z,True,True,False,,False,,False,False,,
S-2238-1-16536,2238,Fall 2023,2023-24,CIVENG 199,16536,1,0,,0.0,0.0,Robert Kayen,Robert Kayen,,1,True,VARIABLE_UNITS,2023-10-09T12:00:00Z,True,False,False,,False,,False,False,,
S-2238-1-16537,2238,Fall 2023,2023-24,CIVENG 199,16537,1,0,,0.0,0.0,Thomas Kirchstetter,Thomas Kirchstetter,,1,True,VARIABLE_UNITS,2023-10-09T12:00:00Z,True,False,False,,False,,False,False,,
S-2238-1-16538,2238,Fall 2023,2023-24,CIVENG 199,16538,1,1,,0.0,0.0,Dimitrios Konstantinidis,Dimitrios Konstantinidis,,1,True,VARIABLE_UNITS,2023-10-09T12:00:00Z,True,False,False,,False,,False,False,,
S-2238-1-16539,2238,Fall 2023,2023-24,CIVENG 199,16539,1,0,,0.0,0.0,Robert Harley,Robert Harley,,1,True,VARIABLE_UNITS,2023-10-09T12:00:00Z,True,False,False,,False,,False,False,,
S-2238-1-16540,2238,Fall 2023,2023-24,CIVENG 199,16540,1,0,,0.0,0.0,Laurel Larsen,Laurel Larsen,,1,True,VARIABLE_UNITS,2023-10-09T12:00:00Z,True,False,False,,False,,False,False,,
S-2238-1-16541,2238,Fall 2023,2023-24,CIVENG 199,16541,1,0,,0.0,0.0,SHAOFAN LI,SHAOFAN LI,,1,True,VARIABLE_UNITS,2023-10-09T12:00:00Z,True,False,False,,False,,False,False,,
S-2238-1-16542,2238,Fall 2023,2023-24,CIVENG 199,16542,1,0,,0.0,0.0,Baoxia Mi,Baoxia Mi,,1,True,VARIABLE_UNITS,2023-10-09T12:00:00Z,True,False,False,,False,,False,False,,
S-2238-1-16543,2238,Fall 2023,2023-24,CIVENG 199,16543,1,0,,0.0,0.0,Jack Moehle,Jack Moehle,,1,True,VARIABLE_UNITS,2023-10-09T12:00:00Z,True,True,False,,False,,False,False,,
S-2238-1-16544,2238,Fall 2023,2023-24,CIVENG 199,16544,1,1,,0.0,0.0,Paulo Monteiro,Paulo Monteiro,,1,True,VARIABLE_UNITS,2023-10-09T12:00:00Z,True,False,False,,False,,False,False,,
S-2238-1-16545,2238,Fall 2023,2023-24,CIVENG 199,16545,1,0,,0.0,0.0,Khalid Mosalam,Khalid Mosalam,,1,True,VARIABLE_UNITS,2023-10-09T12:00:00Z,True,False,False,,False,,False,False,,
S-2238-1-16546,2238,Fall 2023,2023-24,CIVENG 199,16546,1,0,,0.0,0.0,Scott Moura,Scott Moura,,1,True,VARIABLE_UNITS,2023-10-09T12:00:00Z,True,False,False,,False,,False,False,,
S-2238-1-16547,2238,Fall 2023,2023-24,CIVENG 199,16547,1,0,,0.0,0.0,Kara Nelson,Kara Nelson,,1,True,VARIABLE_UNITS,2023-10-09T12:00:00Z,True,False,False,,False,,False,False,,
S-2238-1-16548,2238,Fall 2023,2023-24,CIVENG 199,16548,1,0,,0.0,0.0,Claudia Ostertag,Claudia Ostertag,,1,True,VARIABLE_UNITS,2023-10-09T12:00:00Z,True,True,False,,False,,False,False,,
S-2238-1-16549,2238,Fall 2023,2023-24,CIVENG 199,16549,1,0,,0.0,0.0,Jasenka Rakas,Jasenka Rakas,,1,True,VARIABLE_UNITS,2023-10-09T12:00:00Z,True,False,False,,False,,False,False,,
S-2238-1-16550,2238,Fall 2023,2023-24,CIVENG 199,16550,1,0,,0.0,0.0,James Rector III,James Rector III,,1,True,VARIABLE_UNITS,2023-10-09T12:00:00Z,True,False,False,,False,,False,False,,
S-2238-1-16551,2238,Fall 2023,2023-24,CIVENG 199,16551,1,0,,0.0,0.0,Michael Riemer,Michael Riemer,,1,True,VARIABLE_UNITS,2023-10-09T12:00:00Z,True,False,False,,False,,False,False,,
S-2238-1-16552,2238,Fall 2023,2023-24,CIVENG 199,16552,1,0,,0.0,0.0,Yoram Rubin,Yoram Rubin,,1,True,VARIABLE_UNITS,2023-10-09T12:00:00Z,True,True,False,,False,,False,False,,
S-2238-1-16553,2238,Fall 2023,2023-24,CIVENG 199,16553,1,0,,0.0,0.0,David Sedlak,David Sedlak,,1,True,VARIABLE_UNITS,2023-10-09T12:00:00Z,True,False,False,,False,,False,False,,
S-2238-1-16554,2238,Fall 2023,2023-24,CIVENG 199,16554,1,0,,0.0,0.0,Raja Sengupta,Raja Sengupta,,1,True,VARIABLE_UNITS,2023-10-09T12:00:00Z,True,False,False,,False,,False,False,,
S-2238-1-16555,2238,Fall 2023,2023-24,CIVENG 199,16555,1,2,,0.0,0.0,Susan Shaheen,Susan Shaheen,,1,True,VARIABLE_UNITS,2023-10-09T12:00:00Z,True,False,False,,False,,False,False,,
S-2238-1-16556,2238,Fall 2023,2023-24,CIVENG 199,16556,1,0,,0.0,0.0,Zuo-Jun Shen,Zuo-Jun Shen,,1,True,VARIABLE_UNITS,2023-10-09T12:00:00Z,True,True,False,,False,,False,False,,
S-2238-1-16557,2238,Fall 2023,2023-24,CIVENG 199,16557,1,1,,0.0,0.0,Nicholas Sitar,Nicholas Sitar,,1,True,VARIABLE_UNITS,2023-10-09T12:00:00Z,True,False,False,,False,,False,False,,
S-2238-1-16558,2238,Fall 2023,2023-24,CIVENG 199,16558,1,0,,0.0,0.0,Alexander Skabardonis,Alexander Skabardonis,,1,True,VARIABLE_UNITS,2023-10-09T12:00:00Z,True,True,False,,False,,False,False,,
S-2238-1-16559,2238,Fall 2023,2023-24,CIVENG 199,16559,1,0,,0.0,0.0,Kenichi Soga,Kenichi Soga,,1,True,VARIABLE_UNITS,2023-10-09T12:00:00Z,True,False,False,,False,,False,False,,
S-2238-1-16560,2238,Fall 2023,2023-24,CIVENG 199,16560,1,0,,0.0,0.0,Mark Stacey,Mark Stacey,,1,True,VARIABLE_UNITS,2023-10-09T12:00:00Z,True,False,False,,False,,False,False,,
S-2238-1-16561,2238,Fall 2023,2023-24,CIVENG 199,16561,1,0,,0.0,0.0,Iris Tommelein,Iris Tommelein,,1,True,VARIABLE_UNITS,2023-10-09T12:00:00Z,True,False,False,,False,,False,False,,
S-2238-1-16562,2238,Fall 2023,2023-24,CIVENG 199,16562,1,1,,0.0,0.0,Evan Variano,Evan Variano,,1,True,VARIABLE_UNITS,2023-10-09T12:00:00Z,True,False,False,,False,,False,False,,
S-2238-1-16563,2238,Fall 2023,2023-24,CIVENG 199,16563,1,1,,0.0,0.0,Joan Walker,Joan Walker,,1,True,VARIABLE_UNITS,2023-10-09T12:00:00Z,True,False,False,,False,,False,False,,
S-2238-1-16564,2238,Fall 2023,2023-24,CIVENG 199,16564,1,0,,0.0,0.0,Dimitrios Zekkos,Dimitrios Zekkos,,1,True,VARIABLE_UNITS,2023-10-09T12:00:00Z,True,False,False,,False,,False,False,,
S-2238-1-16565,2238,Fall 2023,2023-24,CIVENG 199,16565,1,1,,0.0,0.0,Cesunica Ivey,Cesunica Ivey,,1,True,VARIABLE_UNITS,2023-10-09T12:00:00Z,True,False,False,,False,,False,False,,
S-2238-1-16566,2238,Fall 2023,2023-24,CIVENG 199,16566,1,1,,0.0,0.0,Cynthia Gerlein-Safdi,Cynthia Gerlein-Safdi,,1,True,VARIABLE_UNITS,2023-10-09T12:00:00Z,True,False,False,,False,,False,False,,
S-2238-1-16567,2238,Fall 2023,2023-24,CIVENG 199,16567,1,0,,0.0,0.0,Maria Laura Delle Monache,Maria Laura Delle Monache,,1,True,VARIABLE_UNITS,2023-10-09T12:00:00Z,True,False,False,,False,,False,False,,
S-2238-1-16568,2238,Fall 2023,2023-24,CIVENG 199,16568,1,1,,0.0,0.0,Maya Carrasquillo,Maya Carrasquillo,,1,True,VARIABLE_UNITS,2023-10-09T12:00:00Z,True,False,False,,False,,False,False,,
S-2238-1-17072,2238,Fall 2023,2023-24,GEOG H195A,17072,1,0,,0.0,0.0,Laurel Larsen,Laurel Larsen,,1,True,VARIABLE_UNITS,2023-10-09T12:00:00Z,True,False,False,,False,,False,False,,
S-2238-1-17622,2238,Fall 2023,2023-24,CYPLAN 197,17622,1,0,,0.0,0.0,Marta Gonzalez,Marta Gonzalez,,1,True,VARIABLE_UNITS,,True,False,False,,False,,False,False,,
S-2238-1-18290,2238,Fall 2023,2023-24,CYPLAN 199,18290,1,0,,0.0,0.0,Marta Gonzalez,Marta Gonzalez,,1,True,VARIABLE_UNITS,,True,False,False,,False,,False,False,,
S-2238-1-19063,2238,Fall 2023,2023-24,CIVENG 197,19063,1,0,,0.0,0.0,Kenichi Soga,Kenichi Soga,,1,True,VARIABLE_UNITS,,True,False,False,,False,,False,False,,
S-2238-1-19064,2238,Fall 2023,2023-24,CIVENG 197,19064,1,0,,0.0,0.0,Fotini Chow,Fotini Chow,,1,True,VARIABLE_UNITS,,True,False,False,,False,,False,False,,
OVR-2238-GPP-196,2238,Fall 2023,2023-24,GPP 196,19229 | 19230,2,18,3.0,54.0,54.0,Khalid Kadir,Khalid Kadir,,1,False,,2023-10-09T12:00:00Z,True,False,False,,False,,False,False,,
X-2238-21647-27404,2238,Fall 2023,2023-24,ESPM C107 | INTEGBI 158LF,21647 | 27404,2,24,15.0,360.0,360.0,Seth Finnegan | Rauri Bowie | Stephanie Carlson | Paolo D'Odorico,Seth Finnegan | Rauri Bowie | Stephanie Carlson | Paolo D'Odorico,,4,False,,2023-10-09T12:00:00Z,True,False,False,,False,,False,False,,
X-2238-26173-27883-29208,2238,Fall 2023,2023-24,CIVENG C103N | ESPM C130 | GEOG C136,26173 | 27883 | 29208,3,81,4.0,324.0,324.0,Cynthia Gerlein-Safdi,Cynthia Gerlein-Safdi,,1,False,,2023-10-09T12:00:00Z,True,False,False,,False,,False,True,Owner-supplied correct enrollment; observation date unknown,
S-2238-1-27341,2238,Fall 2023,2023-24,ESPM H175L,27341,1,0,1.0,0.0,0.0,Allen Goldstein,Allen Goldstein,,1,True,MISSING_ENROLLMENT,,True,False,False,,False,,False,False,,CONFIRM_EXCLUSION
S-2238-1-28033,2238,Fall 2023,2023-24,CIVENG 93,28033,1,85,3.0,255.0,255.0,Mark Hansen,Mark Hansen,,1,False,,2023-08-14T12:00:00Z,True,False,False,,False,,False,False,,
X-2238-28036-28072,2238,Fall 2023,2023-24,CIVENG 198 | CIVENG 98,28036 | 28072,2,25,,0.0,0.0,Paulo Monteiro | Brenda Aguilar | Timothy Klein | Emma Le Coz,Paulo Monteiro | Brenda Aguilar | Timothy Klein | Emma Le Coz,,4,True,COURSE_POLICY_EXCLUSION,2023-10-09T12:00:00Z,True,False,False,,True,CIVENG 98/198 group-study activities are excluded consistently across all Version 1.2 terms,True,False,,
S-2238-1-28037,2238,Fall 2023,2023-24,CIVENG 100,28037,1,120,4.0,480.0,480.0,Evan Variano,Evan Variano,,1,False,,2023-08-14T12:00:00Z,True,False,False,,False,,False,False,,
S-2238-1-28041,2238,Fall 2023,2023-24,CIVENG 60,28041,1,44,3.0,132.0,132.0,Paulo Monteiro,Paulo Monteiro,,1,False,,2023-08-14T12:00:00Z,True,False,False,,False,,False,False,,
S-2238-1-28048,2238,Fall 2023,2023-24,CIVENG 70,28048,1,102,3.0,306.0,306.0,Nicholas Sitar,Nicholas Sitar,,1,False,,2023-08-14T12:00:00Z,True,False,False,,False,,False,False,,
S-2238-1-28053,2238,Fall 2023,2023-24,CIVENG 153,28053,1,31,3.0,93.0,93.0,Jasenka Rakas,Jasenka Rakas,,1,False,,2023-10-09T12:00:00Z,True,False,False,,False,,False,False,,
S-2238-1-28059,2238,Fall 2023,2023-24,CIVENG 111,28059,1,135,3.0,405.0,405.0,Baoxia Mi,Baoxia Mi,,1,False,,2023-08-14T12:00:00Z,True,False,False,,False,,False,False,,
X-2238-28062-28348,2238,Fall 2023,2023-24,CIVENG C30 | MECENG C85,28062 | 28348,2,97,3.0,291.0,0.0,Parsa Taheri,Parsa Taheri,,1,True,NO_CEE_AFFILIATED_INSTRUCTOR,2023-10-09T12:00:00Z,True,False,False,,False,,False,False,,
X-2238-28063-28340,2238,Fall 2023,2023-24,CIVENG C30 | MECENG C85,28063 | 28340,2,150,3.0,450.0,450.0,SHAOFAN LI,SHAOFAN LI,,1,False,,2023-10-09T12:00:00Z,True,False,False,,False,,False,False,,
S-2238-1-28070,2238,Fall 2023,2023-24,CIVENG 173,28070,1,15,3.0,45.0,45.0,Nicholas Sitar,Nicholas Sitar,,1,False,,2023-10-09T12:00:00Z,True,False,False,,False,,False,False,,
S-2238-1-28077,2238,Fall 2023,2023-24,CIVENG 115,28077,1,39,3.0,117.0,117.0,David Sedlak,David Sedlak,,1,False,,2023-08-14T12:00:00Z,True,False,False,,False,,False,False,,
S-2238-1-28292,2238,Fall 2023,2023-24,ENGIN 7,28292,1,417,4.0,1668.0,1668.0,Mohamad Mahdi Hallal,Mohamad Mahdi Hallal,,1,False,,2023-10-09T12:00:00Z,True,False,False,,False,,False,False,,
S-2238-1-28410,2238,Fall 2023,2023-24,CIVENG 124,28410,1,50,3.0,150.0,150.0,Gary Mochizuki,Gary Mochizuki,,1,False,,2023-08-19T12:00:00Z,True,False,False,,False,,False,False,,
S-2238-1-28496,2238,Fall 2023,2023-24,ENGIN 93,28496,1,87,1.0,87.0,87.0,Scott Moura,Scott Moura,,1,False,,2023-10-09T12:00:00Z,True,False,False,,False,,False,False,,
X-2238-28551-28552,2238,Fall 2023,2023-24,CIVENG 198 | CIVENG 98,28551 | 28552,2,50,,0.0,0.0,Iris Tommelein | Silvester Htet | Gabriela Perez,Iris Tommelein | Silvester Htet | Gabriela Perez,,3,True,COURSE_POLICY_EXCLUSION,2023-10-09T12:00:00Z,True,False,False,,True,CIVENG 98/198 group-study activities are excluded consistently across all Version 1.2 terms,True,False,,
X-2238-28553-28554,2238,Fall 2023,2023-24,CIVENG 198 | CIVENG 98,28553 | 28554,2,15,,0.0,0.0,Evan Variano | Vera Luu,Evan Variano | Vera Luu,,2,True,COURSE_POLICY_EXCLUSION,2023-10-09T12:00:00Z,True,False,False,,True,CIVENG 98/198 group-study activities are excluded consistently across all Version 1.2 terms,True,False,,
X-2238-28555-28556,2238,Fall 2023,2023-24,CIVENG 198 | CIVENG 98,28555 | 28556,2,8,,0.0,0.0,Michael Riemer | Tim Han | Linda Alfaro | Rune De Anda | James Zou,Michael Riemer | Tim Han | Linda Alfaro | Rune De Anda | James Zou,,5,True,COURSE_POLICY_EXCLUSION,2023-10-09T12:00:00Z,True,False,False,,True,CIVENG 98/198 group-study activities are excluded consistently across all Version 1.2 terms,True,False,,
X-2238-28557-28558,2238,Fall 2023,2023-24,CIVENG 198 | CIVENG 98,28557 | 28558,2,30,,0.0,0.0,Dimitrios Konstantinidis | Gwenn Demmerle | Brianna Barrett,Dimitrios Konstantinidis | Gwenn Demmerle | Brianna Barrett,,3,True,COURSE_POLICY_EXCLUSION,2023-10-09T12:00:00Z,True,False,False,,True,CIVENG 98/198 group-study activities are excluded consistently across all Version 1.2 terms,True,False,,
X-2238-28559-28560,2238,Fall 2023,2023-24,CIVENG 198 | CIVENG 98,28559 | 28560,2,40,,0.0,0.0,Tracy Becker | Srishti Hazra,Tracy Becker | Srishti Hazra,,2,True,COURSE_POLICY_EXCLUSION,2023-10-09T12:00:00Z,True,False,False,,True,CIVENG 98/198 group-study activities are excluded consistently across all Version 1.2 terms,True,False,,
X-2238-28561-28565,2238,Fall 2023,2023-24,CIVENG 198 | CIVENG 98,28561 | 28565,2,7,,0.0,0.0,Baoxia Mi | Cady Byrd-Cabelka | Patrick Hannifin,Baoxia Mi | Cady Byrd-Cabelka | Patrick Hannifin,,3,True,COURSE_POLICY_EXCLUSION,2023-10-09T12:00:00Z,True,False,False,,True,CIVENG 98/198 group-study activities are excluded consistently across all Version 1.2 terms,True,False,,
S-2238-1-28788,2238,Fall 2023,2023-24,CIVENG 126,28788,1,15,3.0,45.0,45.0,Amarnath Kasalanati,Amarnath Kasalanati,,1,False,,2023-10-09T12:00:00Z,True,False,False,,False,,False,False,,
X-2238-28803-28805,2238,Fall 2023,2023-24,CIVENG 198 | CIVENG 98,28803 | 28805,2,5,,0.0,0.0,Michael Cassidy | Etaash Patel | Junzhe Cao | Jon Davis | Jiaming Zhang,Michael Cassidy | Etaash Patel | Junzhe Cao | Jon Davis | Jiaming Zhang,,5,True,COURSE_POLICY_EXCLUSION,2023-10-09T12:00:00Z,True,False,False,,True,CIVENG 98/198 group-study activities are excluded consistently across all Version 1.2 terms,True,False,,
S-2238-1-28857,2238,Fall 2023,2023-24,CIVENG 167,28857,1,101,3.0,303.0,303.0,Iris Tommelein,Iris Tommelein,,1,False,,2023-10-09T12:00:00Z,True,False,False,,False,,False,False,,
S-2238-1-28979,2238,Fall 2023,2023-24,CIVENG 170A,28979,1,50,3.0,150.0,150.0,Kenichi Soga | Dimitrios Zekkos,Kenichi Soga | Dimitrios Zekkos,,2,False,,2023-10-09T12:00:00Z,True,False,False,,False,,False,False,,
S-2238-1-28980,2238,Fall 2023,2023-24,CIVENG 122,28980,1,26,3.0,78.0,78.0,Ahmad Hassan,Ahmad Hassan,,1,False,,2023-10-09T12:00:00Z,True,False,False,,False,,False,False,,
S-2238-1-28993,2238,Fall 2023,2023-24,CIVENG 111L,28993,1,19,1.0,19.0,19.0,Thomas Kirchstetter,Thomas Kirchstetter,,1,False,,2023-08-14T12:00:00Z,True,False,False,,False,,False,False,,
S-2238-1-28996,2238,Fall 2023,2023-24,CIVENG 155,28996,1,28,3.0,84.0,84.0,Michael Cassidy,Michael Cassidy,,1,False,,2023-10-09T12:00:00Z,True,False,False,,False,,False,False,,
S-2238-1-29077,2238,Fall 2023,2023-24,CIVENG 11,29077,1,81,3.0,243.0,243.0,Thomas Hendrickson,Thomas Hendrickson,,1,False,,2023-08-14T12:00:00Z,True,False,False,,False,,False,False,,
S-2238-1-29255,2238,Fall 2023,2023-24,CIVENG 112,29255,1,18,3.0,54.0,54.0,Kenichi Soga,Kenichi Soga,,1,False,,2023-08-14T12:00:00Z,True,False,False,,False,,False,False,,
S-2238-1-29380,2238,Fall 2023,2023-24,CIVENG 190,29380,1,11,,0.0,0.0,Cesunica Ivey,Cesunica Ivey,,1,True,COURSE_POLICY_EXCLUSION,2023-10-09T12:00:00Z,True,False,False,,True,CIVENG 190 is a reusable pilot-course number with heterogeneous sections and instructors; exclude all offerings from Version 1 SCH,False,False,,
S-2238-1-29383,2238,Fall 2023,2023-24,CIVENG 190,29383,1,17,,0.0,0.0,Jeffrey Lessman,Jeffrey Lessman,,1,True,COURSE_POLICY_EXCLUSION,2023-10-09T12:00:00Z,True,False,False,,True,CIVENG 190 is a reusable pilot-course number with heterogeneous sections and instructors; exclude all offerings from Version 1 SCH,False,False,,
S-2238-1-30875,2238,Fall 2023,2023-24,CIVENG 108,30875,1,100,3.0,300.0,300.0,Mark Stacey,Mark Stacey,,1,False,,2023-08-14T12:00:00Z,True,False,False,,False,,False,False,,
S-2238-1-31011,2238,Fall 2023,2023-24,CIVENG 193,31011,1,24,3.0,72.0,72.0,Ziqi Wang,Ziqi Wang,,1,False,,2023-10-09T12:00:00Z,True,False,False,,False,,False,False,,
S-2238-1-31077,2238,Fall 2023,2023-24,CIVENG 92B,31077,1,12,2.0,24.0,24.0,Matthew De Jong,Matthew De Jong,,1,False,,2023-10-09T12:00:00Z,True,False,False,,False,,False,False,,
S-2238-1-32574,2238,Fall 2023,2023-24,POLECON 159,32574,1,22,4.0,88.0,88.0,Khalid Kadir,Khalid Kadir,,1,False,,2023-10-09T12:00:00Z,True,False,False,,False,,False,False,,
OVR-2238-CIVENG-190S,2238,Fall 2023,2023-24,CIVENG 190S,33518 | 33520,2,21,3.0,63.0,63.0,Raja Sengupta,Raja Sengupta,,1,False,,2023-10-09T12:00:00Z,True,False,False,,False,,False,False,,
S-2238-1-33618,2238,Fall 2023,2023-24,CIVENG 98,33618,1,0,,0.0,0.0,Francisco Armero | Bennett Somerville | Benjamin Trefry,Francisco Armero | Bennett Somerville | Benjamin Trefry,,3,True,COURSE_POLICY_EXCLUSION,,True,False,False,,True,CIVENG 98/198 group-study activities are excluded consistently across all Version 1.2 terms,True,False,,
S-2238-1-33619,2238,Fall 2023,2023-24,CIVENG 98,33619,1,0,,0.0,0.0,Francisco Armero | Bennett Somerville | Benjamin Trefry,Francisco Armero | Bennett Somerville | Benjamin Trefry,,3,True,COURSE_POLICY_EXCLUSION,,True,False,False,,True,CIVENG 98/198 group-study activities are excluded consistently across all Version 1.2 terms,True,False,,
S-2238-1-33620,2238,Fall 2023,2023-24,CIVENG 198,33620,1,32,,0.0,0.0,Robert Kayen | Jordan Schultz | Ace Landauer,Robert Kayen | Jordan Schultz | Ace Landauer,,3,True,COURSE_POLICY_EXCLUSION,2023-10-09T12:00:00Z,True,False,False,,True,CIVENG 98/198 group-study activities are excluded consistently across all Version 1.2 terms,True,False,,
S-2238-1-33739,2238,Fall 2023,2023-24,CIVENG 197,33739,1,1,,0.0,0.0,SHAOFAN LI,SHAOFAN LI,,1,True,VARIABLE_UNITS,2023-10-09T12:00:00Z,True,False,False,,False,,False,False,,
S-2238-1-33779,2238,Fall 2023,2023-24,CIVENG 197,33779,1,1,,0.0,0.0,Cesunica Ivey,Cesunica Ivey,,1,True,VARIABLE_UNITS,2023-10-09T12:00:00Z,True,False,False,,False,,False,False,,
S-2238-1-33894,2238,Fall 2023,2023-24,ESPM 199,33894,1,0,,0.0,0.0,Allen Goldstein,Allen Goldstein,,1,True,VARIABLE_UNITS,,True,False,False,,False,,False,False,,
S-2238-1-33916,2238,Fall 2023,2023-24,ESPM 175L,33916,1,0,1.0,0.0,0.0,Allen Goldstein,Allen Goldstein,,1,True,MISSING_ENROLLMENT,,True,False,False,,False,,False,False,,CONFIRM_EXCLUSION
S-2242-1-12488,2242,Spring 2024,2023-24,UGIS 192D,12488,1,2,,0.0,0.0,Laurel Larsen,Laurel Larsen,,1,True,VARIABLE_UNITS,2024-04-03T12:00:00Z,True,False,False,,False,,False,False,,
S-2242-1-12498,2242,Spring 2024,2023-24,UGIS 192D,12498,1,5,,0.0,0.0,Amy Pickering,Amy Pickering,,1,True,VARIABLE_UNITS,2024-04-03T12:00:00Z,True,False,False,,False,,False,False,,
S-2242-1-12709,2242,Spring 2024,2023-24,CIVENG 99,12709,1,1,,0.0,0.0,Cynthia Gerlein-Safdi,Cynthia Gerlein-Safdi,,1,True,VARIABLE_UNITS,2024-04-03T12:00:00Z,True,False,False,,False,,False,False,,
S-2242-1-12763,2242,Spring 2024,2023-24,ENGIN 194,12763,1,10,3.0,30.0,30.0,Scott Moura,Scott Moura,,1,False,,2024-04-03T12:00:00Z,True,False,False,,False,,False,False,,
S-2242-1-13220,2242,Spring 2024,2023-24,CIVENG H194,13220,1,2,,0.0,0.0,Tracy Becker,Tracy Becker,,1,True,VARIABLE_UNITS,2024-04-03T12:00:00Z,True,False,False,,False,,False,False,,
S-2242-1-13290,2242,Spring 2024,2023-24,CIVENG 199,13290,1,1,,0.0,0.0,Maya Carrasquillo,Maya Carrasquillo,,1,True,VARIABLE_UNITS,2024-04-03T12:00:00Z,True,False,False,,False,,False,False,,
S-2242-1-13291,2242,Spring 2024,2023-24,CIVENG 199,13291,1,0,,0.0,0.0,SHAOFAN LI,SHAOFAN LI,,1,True,VARIABLE_UNITS,,True,False,False,,False,,False,False,,
S-2242-1-13292,2242,Spring 2024,2023-24,CIVENG 199,13292,1,0,,0.0,0.0,Susan Shaheen,Susan Shaheen,,1,True,VARIABLE_UNITS,,True,False,False,,False,,False,False,,
S-2242-1-13293,2242,Spring 2024,2023-24,CIVENG 199,13293,1,0,,0.0,0.0,Fotini Chow,Fotini Chow,,1,True,VARIABLE_UNITS,,True,False,False,,False,,False,False,,
S-2242-1-13294,2242,Spring 2024,2023-24,CIVENG 199,13294,1,1,,0.0,0.0,Paulo Monteiro,Paulo Monteiro,,1,True,VARIABLE_UNITS,2024-04-03T12:00:00Z,True,False,False,,False,,False,False,,
S-2242-1-13295,2242,Spring 2024,2023-24,CIVENG 199,13295,1,0,,0.0,0.0,Evan Variano,Evan Variano,,1,True,VARIABLE_UNITS,,True,False,False,,False,,False,False,,
S-2242-1-13296,2242,Spring 2024,2023-24,CIVENG 199,13296,1,2,,0.0,0.0,Scott Moura,Scott Moura,,1,True,VARIABLE_UNITS,2024-04-03T12:00:00Z,True,False,False,,False,,False,False,,
S-2242-1-13297,2242,Spring 2024,2023-24,CIVENG 199,13297,1,0,,0.0,0.0,Maria Laura Delle Monache,Maria Laura Delle Monache,,1,True,VARIABLE_UNITS,,True,False,False,,False,,False,False,,
S-2242-1-13298,2242,Spring 2024,2023-24,CIVENG 199,13298,1,2,,0.0,0.0,Robert Kayen,Robert Kayen,,1,True,VARIABLE_UNITS,2024-04-03T12:00:00Z,True,False,False,,False,,False,False,,
S-2242-1-13299,2242,Spring 2024,2023-24,CIVENG 199,13299,1,1,,0.0,0.0,Joshua Apte,Joshua Apte,,1,True,VARIABLE_UNITS,2024-04-03T12:00:00Z,True,False,False,,False,,False,False,,
S-2242-1-13784,2242,Spring 2024,2023-24,CYPLAN 197,13784,1,0,,0.0,0.0,Marta Gonzalez,Marta Gonzalez,,1,True,VARIABLE_UNITS,,True,False,False,,False,,False,False,,
S-2242-1-13965,2242,Spring 2024,2023-24,CYPLAN 199,13965,1,0,,0.0,0.0,Marta Gonzalez,Marta Gonzalez,,1,True,VARIABLE_UNITS,,True,False,False,,False,,False,False,,
S-2242-1-14162,2242,Spring 2024,2023-24,CIVENG 191,14162,1,27,3.0,81.0,81.0,Raja Sengupta,Raja Sengupta,,1,False,,2024-04-03T12:00:00Z,True,False,False,,False,,False,False,,
S-2242-1-14166,2242,Spring 2024,2023-24,CIVENG 197,14166,1,1,,0.0,0.0,Cesunica Ivey,Cesunica Ivey,,1,True,VARIABLE_UNITS,2024-04-03T12:00:00Z,True,False,False,,False,,False,False,,
S-2242-1-14232,2242,Spring 2024,2023-24,GPP 196,14232,1,10,3.0,30.0,30.0,Khalid Kadir,Khalid Kadir,,1,False,,2024-04-03T12:00:00Z,True,False,False,,False,,False,False,,
S-2242-1-14805,2242,Spring 2024,2023-24,ARCH 140,14805,1,140,4.0,560.0,560.0,Stefano Schiavon,Stefano Schiavon,,1,False,,2024-04-03T12:00:00Z,True,False,False,,False,,False,False,,
X-2242-14886-16315,2242,Spring 2024,2023-24,CIVENG C88 | CYPLAN C88,14886 | 16315,2,42,2.0,84.0,84.0,Marta Gonzalez,Marta Gonzalez,,1,False,,2024-04-03T12:00:00Z,True,False,False,,False,,False,True,Owner-supplied correct enrollment; observation date unknown,
S-2242-1-15078,2242,Spring 2024,2023-24,ESPM H175L,15078,1,0,1.0,0.0,0.0,Allen Goldstein,Allen Goldstein,,1,True,MISSING_ENROLLMENT,,True,False,False,,False,,False,False,,CONFIRM_EXCLUSION
X-2242-15083-16151-20301,2242,Spring 2024,2023-24,CIVENG C106 | EPS C180 | ESPM C180,15083 | 16151 | 20301,3,70,3.0,210.0,210.0,Allen Goldstein,Allen Goldstein,,1,False,,2024-04-03T12:00:00Z,True,False,False,,False,,False,False,,
S-2242-1-15582,2242,Spring 2024,2023-24,CIVENG 11,15582,1,127,3.0,381.0,381.0,Arpad Horvath,Arpad Horvath,,1,False,,2024-04-03T12:00:00Z,True,False,False,,False,,False,False,,
X-2242-15583-16473,2242,Spring 2024,2023-24,CIVENG C30 | MECENG C85,15583 | 16473,2,99,3.0,297.0,0.0,Panayiotis Papadopoulos,Panayiotis Papadopoulos,,1,True,NO_CEE_AFFILIATED_INSTRUCTOR,2024-04-03T12:00:00Z,True,False,True,Both cross-listed primary sections have fixed 3-unit min/max values despite a conflicting variable-unit source attribute,False,,False,False,,
X-2242-15584-16577,2242,Spring 2024,2023-24,CIVENG C30 | MECENG C85,15584 | 16577,2,156,3.0,468.0,468.0,SHAOFAN LI,SHAOFAN LI,,1,False,,2024-04-03T12:00:00Z,True,False,False,,False,,False,False,,
S-2242-1-15589,2242,Spring 2024,2023-24,CIVENG 60,15589,1,92,3.0,276.0,276.0,Cruz Carlos,Cruz Carlos,,1,False,,2024-04-03T12:00:00Z,True,False,False,,False,,False,False,,
S-2242-1-15591,2242,Spring 2024,2023-24,CIVENG 93,15591,1,98,3.0,294.0,294.0,Mohamad Mahdi Hallal,Mohamad Mahdi Hallal,,1,False,,2024-04-03T12:00:00Z,True,False,False,,False,,False,False,,
X-2242-15592-15600,2242,Spring 2024,2023-24,CIVENG 198 | CIVENG 98,15592 | 15600,2,59,,0.0,0.0,Emma Le Coz | Timothy Klein | Brenda Aguilar,Emma Le Coz | Timothy Klein | Brenda Aguilar,,3,True,COURSE_POLICY_EXCLUSION,2024-04-03T12:00:00Z,True,False,False,,True,CIVENG 98/198 group-study activities are excluded consistently across all Version 1.2 terms,True,False,,
S-2242-1-15598,2242,Spring 2024,2023-24,CIVENG 120,15598,1,76,3.0,228.0,228.0,Luis Ceferino Rojas,Luis Ceferino Rojas,,1,False,,2024-04-03T12:00:00Z,True,False,False,,False,,False,False,,
X-2242-15938-17818,2242,Spring 2024,2023-24,ENGIN 157AC | IAS 157AC,15938 | 17818,2,60,4.0,240.0,240.0,Khalid Kadir,Khalid Kadir,,1,False,,2024-04-03T12:00:00Z,True,False,False,,False,,False,False,,
S-2242-1-15943,2242,Spring 2024,2023-24,CIVENG 180,15943,1,27,4.0,108.0,108.0,Stanislaus Tuholski | Hung Nguyen,Stanislaus Tuholski,Hung Nguyen,1,False,,2024-04-03T12:00:00Z,True,False,False,,False,,False,False,,
S-2242-1-16153,2242,Spring 2024,2023-24,CIVENG 132,16153,1,23,3.0,69.0,69.0,Sanjay Govindjee,Sanjay Govindjee,,1,False,,2024-04-03T12:00:00Z,True,False,False,,False,,False,False,,
S-2242-1-16301,2242,Spring 2024,2023-24,CIVENG 123,16301,1,25,3.0,75.0,75.0,Eyitayo Opabola,Eyitayo Opabola,,1,False,,2024-04-03T12:00:00Z,True,False,False,,False,,False,False,,
S-2242-1-16316,2242,Spring 2024,2023-24,CIVENG 175,16316,1,74,3.0,222.0,222.0,Adda Athanasopoulos Zekkos,Adda Athanasopoulos Zekkos,,1,False,,2024-04-03T12:00:00Z,True,False,False,,False,,False,False,,
S-2242-1-16345,2242,Spring 2024,2023-24,CIVENG 110,16345,1,74,3.0,222.0,222.0,Kara Nelson | Jennifer Stokes-Draut,Kara Nelson | Jennifer Stokes-Draut,,2,False,,2024-04-03T12:00:00Z,True,False,False,,False,,False,False,,
S-2242-1-16349,2242,Spring 2024,2023-24,CIVENG 190,16349,1,51,,0.0,0.0,Maya Carrasquillo,Maya Carrasquillo,,1,True,COURSE_POLICY_EXCLUSION,2024-04-03T12:00:00Z,True,False,False,,True,CIVENG 190 is a reusable pilot-course number with heterogeneous sections and instructors; exclude all offerings from Version 1 SCH,False,False,,
S-2242-1-16449,2242,Spring 2024,2023-24,CIVENG 107,16449,1,60,3.0,180.0,180.0,Joshua Apte,Joshua Apte,,1,False,,2024-04-03T12:00:00Z,True,False,False,,False,,False,False,,
S-2242-1-16452,2242,Spring 2024,2023-24,CIVENG 166,16452,1,69,3.0,207.0,207.0,Manar Shami | Veronica Aguirre,Manar Shami,Veronica Aguirre,1,False,,2024-04-03T12:00:00Z,True,False,False,,False,,False,False,,
S-2242-1-16557,2242,Spring 2024,2023-24,CIVENG 190,16557,1,0,,0.0,0.0,Staff/Unknown,Staff/Unknown,,0,True,COURSE_POLICY_EXCLUSION,,True,False,False,,True,CIVENG 190 is a reusable pilot-course number with heterogeneous sections and instructors; exclude all offerings from Version 1 SCH,False,False,,
S-2242-1-16586,2242,Spring 2024,2023-24,ENGIN 198,16586,1,13,,0.0,0.0,Khalid Kadir,Khalid Kadir,,1,True,COURSE_POLICY_EXCLUSION,2024-04-03T12:00:00Z,True,False,False,,True,ENGIN 98/198 group-study activities are excluded consistently across all Version 1.2 terms,True,False,,
S-2242-1-16613,2242,Spring 2024,2023-24,ENGIN 98,16613,1,14,,0.0,0.0,Khalid Kadir,Khalid Kadir,,1,True,COURSE_POLICY_EXCLUSION,2024-04-03T12:00:00Z,True,False,False,,True,ENGIN 98/198 group-study activities are excluded consistently across all Version 1.2 terms,True,False,,
S-2242-1-31400,2242,Spring 2024,2023-24,ESPM 130A,31400,1,23,4.0,92.0,92.0,Paolo D'Odorico,Paolo D'Odorico,,1,False,,2024-04-03T12:00:00Z,True,False,False,,False,,False,False,,
S-2242-1-31455,2242,Spring 2024,2023-24,CIVENG 105,31455,1,28,3.0,84.0,84.0,Fotini Chow | Courtney Turkatte,Fotini Chow,Courtney Turkatte,1,False,,2024-04-03T12:00:00Z,True,False,False,,False,,False,False,,
S-2242-1-33183,2242,Spring 2024,2023-24,CIVENG 171,33183,1,25,3.0,75.0,75.0,Nicholas Sitar | Dimitrios Zekkos,Nicholas Sitar | Dimitrios Zekkos,,2,False,,2024-04-03T12:00:00Z,True,False,False,,False,,False,False,,
OVR-2242-CIVENG-190S,2242,Spring 2024,2023-24,CIVENG 190S,33358 | 33360,2,27,3.0,81.0,81.0,Gora Datta | Raja Sengupta,Raja Sengupta,Gora Datta,1,False,,2024-04-03T12:00:00Z,True,False,False,,False,,False,False,,
S-2242-1-33641,2242,Spring 2024,2023-24,GPP 150,33641,1,9,4.0,36.0,36.0,Khalid Kadir,Khalid Kadir,,1,False,,2024-04-03T12:00:00Z,True,False,False,,False,,False,False,,
S-2242-1-33777,2242,Spring 2024,2023-24,GEOG H195A,33777,1,0,,0.0,0.0,Laurel Larsen,Laurel Larsen,,1,True,VARIABLE_UNITS,2024-04-03T12:00:00Z,True,False,False,,False,,False,False,,
S-2242-1-33800,2242,Spring 2024,2023-24,GEOG 199,33800,1,0,,0.0,0.0,Laurel Larsen,Laurel Larsen,,1,True,VARIABLE_UNITS,2024-04-03T12:00:00Z,True,False,False,,False,,False,False,,
S-2242-1-33808,2242,Spring 2024,2023-24,GEOG H195B,33808,1,0,,0.0,0.0,Laurel Larsen,Laurel Larsen,,1,True,VARIABLE_UNITS,2024-04-03T12:00:00Z,True,False,False,,False,,False,False,,
X-2242-33989-34239,2242,Spring 2024,2023-24,CIVENG 198 | CIVENG 98,33989 | 34239,2,92,,0.0,0.0,Iris Tommelein | Gabriela Perez | Silvester Htet,Iris Tommelein | Gabriela Perez | Silvester Htet,,3,True,COURSE_POLICY_EXCLUSION,2024-04-03T12:00:00Z,True,False,False,,True,CIVENG 98/198 group-study activities are excluded consistently across all Version 1.2 terms,True,False,,
S-2242-1-34108,2242,Spring 2024,2023-24,CIVENG 188,34108,1,25,3.0,75.0,75.0,James Rector III,James Rector III,,1,False,,2024-04-03T12:00:00Z,True,False,False,,False,,False,False,,
S-2242-1-34126,2242,Spring 2024,2023-24,CIVENG H194,34126,1,1,,0.0,0.0,Susan Shaheen,Susan Shaheen,,1,True,VARIABLE_UNITS,2024-04-03T12:00:00Z,True,False,False,,False,,False,False,,
S-2242-1-34182,2242,Spring 2024,2023-24,CIVENG 197,34182,1,1,,0.0,0.0,SHAOFAN LI,SHAOFAN LI,,1,True,VARIABLE_UNITS,2024-04-03T12:00:00Z,True,False,False,,False,,False,False,,
X-2242-34229-34240,2242,Spring 2024,2023-24,CIVENG 198 | CIVENG 98,34229 | 34240,2,46,,0.0,0.0,Evan Variano | Ella Camp | Vera Luu,Evan Variano | Ella Camp | Vera Luu,,3,True,COURSE_POLICY_EXCLUSION,2024-04-03T12:00:00Z,True,False,False,,True,CIVENG 98/198 group-study activities are excluded consistently across all Version 1.2 terms,True,False,,
X-2242-34230-34241,2242,Spring 2024,2023-24,CIVENG 198 | CIVENG 98,34230 | 34241,2,21,,0.0,0.0,James Zou | Linda Alfaro | Tim Han | Michael Riemer,James Zou | Linda Alfaro | Tim Han | Michael Riemer,,4,True,COURSE_POLICY_EXCLUSION,2024-04-03T12:00:00Z,True,False,False,,True,CIVENG 98/198 group-study activities are excluded consistently across all Version 1.2 terms,True,False,,
X-2242-34231-34242,2242,Spring 2024,2023-24,CIVENG 198 | CIVENG 98,34231 | 34242,2,48,,0.0,0.0,Gwenn Demmerle | Brianna Barrett | Dimitrios Konstantinidis,Gwenn Demmerle | Brianna Barrett | Dimitrios Konstantinidis,,3,True,COURSE_POLICY_EXCLUSION,2024-04-03T12:00:00Z,True,False,False,,True,CIVENG 98/198 group-study activities are excluded consistently across all Version 1.2 terms,True,False,,
X-2242-34232-34243,2242,Spring 2024,2023-24,CIVENG 198 | CIVENG 98,34232 | 34243,2,60,,0.0,0.0,Srishti Hazra | SHAOFAN LI,Srishti Hazra | SHAOFAN LI,,2,True,COURSE_POLICY_EXCLUSION,2024-04-03T12:00:00Z,True,False,False,,True,CIVENG 98/198 group-study activities are excluded consistently across all Version 1.2 terms,True,False,,
X-2242-34233-34244,2242,Spring 2024,2023-24,CIVENG 198 | CIVENG 98,34233 | 34244,2,15,,0.0,0.0,Patrick Hannifin | Baoxia Mi | Dylan Tay,Patrick Hannifin | Baoxia Mi | Dylan Tay,,3,True,COURSE_POLICY_EXCLUSION,2024-04-03T12:00:00Z,True,False,False,,True,CIVENG 98/198 group-study activities are excluded consistently across all Version 1.2 terms,True,False,,
X-2242-34234-34245,2242,Spring 2024,2023-24,CIVENG 198 | CIVENG 98,34234 | 34245,2,30,,0.0,0.0,Etaash Patel | Jon Davis | Junzhe Cao | Michael Cassidy,Etaash Patel | Jon Davis | Junzhe Cao | Michael Cassidy,,4,True,COURSE_POLICY_EXCLUSION,2024-04-03T12:00:00Z,True,False,False,,True,CIVENG 98/198 group-study activities are excluded consistently across all Version 1.2 terms,True,False,,
X-2242-34236-34247,2242,Spring 2024,2023-24,CIVENG 198 | CIVENG 98,34236 | 34247,2,8,,0.0,0.0,Laurel Larsen | Alexander Brown | Crosby Soenen,Laurel Larsen | Alexander Brown | Crosby Soenen,,3,True,COURSE_POLICY_EXCLUSION,2024-04-03T12:00:00Z,True,False,False,,True,CIVENG 98/198 group-study activities are excluded consistently across all Version 1.2 terms,True,False,,
S-2242-1-34237,2242,Spring 2024,2023-24,CIVENG 198,34237,1,30,,0.0,0.0,Robert Kayen | Jordan Schultz | Ace Landauer | Greta Mixon | Colin Wills,Robert Kayen | Jordan Schultz | Ace Landauer | Greta Mixon | Colin Wills,,5,True,COURSE_POLICY_EXCLUSION,2024-04-03T12:00:00Z,True,False,False,,True,CIVENG 98/198 group-study activities are excluded consistently across all Version 1.2 terms,True,False,,
S-2242-1-34238,2242,Spring 2024,2023-24,CIVENG 198,34238,1,40,,0.0,0.0,Robert Kayen | Jordan Schultz | Ace Landauer | Greta Mixon | Colin Wills,Robert Kayen | Jordan Schultz | Ace Landauer | Greta Mixon | Colin Wills,,5,True,COURSE_POLICY_EXCLUSION,2024-04-03T12:00:00Z,True,False,False,,True,CIVENG 98/198 group-study activities are excluded consistently across all Version 1.2 terms,True,False,,
S-2242-1-34246,2242,Spring 2024,2023-24,CIVENG 98,34246,1,15,,0.0,0.0,Benjamin Trefry | Jiaming Zhang | Francisco Armero | Adlae D'Orazio,Benjamin Trefry | Jiaming Zhang | Francisco Armero | Adlae D'Orazio,,4,True,COURSE_POLICY_EXCLUSION,2024-04-03T12:00:00Z,True,False,False,,True,CIVENG 98/198 group-study activities are excluded consistently across all Version 1.2 terms,True,False,,
S-2242-1-34248,2242,Spring 2024,2023-24,CIVENG 98,34248,1,19,,0.0,0.0,Francisco Armero | Benjamin Trefry | Jiaming Zhang | Adlae D'Orazio,Francisco Armero | Benjamin Trefry | Jiaming Zhang | Adlae D'Orazio,,4,True,COURSE_POLICY_EXCLUSION,2024-04-03T12:00:00Z,True,False,False,,True,CIVENG 98/198 group-study activities are excluded consistently across all Version 1.2 terms,True,False,,
S-2242-1-34339,2242,Spring 2024,2023-24,CIVENG 198,34339,1,14,,0.0,0.0,Iris Tommelein | Gabriela Perez | Silvester Htet,Iris Tommelein | Gabriela Perez | Silvester Htet,,3,True,COURSE_POLICY_EXCLUSION,2024-04-03T12:00:00Z,True,False,False,,True,CIVENG 98/198 group-study activities are excluded consistently across all Version 1.2 terms,True,False,,
S-2242-1-34454,2242,Spring 2024,2023-24,CIVENG H194,34454,1,1,,0.0,0.0,Kenichi Soga,Kenichi Soga,,1,True,VARIABLE_UNITS,2024-04-03T12:00:00Z,True,False,False,,False,,False,False,,
S-2242-1-34459,2242,Spring 2024,2023-24,CIVENG H194,34459,1,1,,0.0,0.0,Michael Cassidy,Michael Cassidy,,1,True,VARIABLE_UNITS,2024-04-03T12:00:00Z,True,False,False,,False,,False,False,,
S-2242-1-34472,2242,Spring 2024,2023-24,CIVENG H194,34472,1,0,,0.0,0.0,Scott Moura,Scott Moura,,1,True,VARIABLE_UNITS,2024-04-03T12:00:00Z,True,False,False,,False,,False,False,,
S-2242-1-34573,2242,Spring 2024,2023-24,CIVENG 199,34573,1,1,,0.0,0.0,Dimitrios Konstantinidis,Dimitrios Konstantinidis,,1,True,VARIABLE_UNITS,2024-04-03T12:00:00Z,True,False,False,,False,,False,False,,
S-2242-1-34612,2242,Spring 2024,2023-24,CIVENG H194,34612,1,0,,0.0,0.0,Evan Variano,Evan Variano,,1,True,VARIABLE_UNITS,2024-04-03T12:00:00Z,True,False,False,,False,,False,False,,
S-2242-1-34616,2242,Spring 2024,2023-24,CIVENG H194,34616,1,1,,0.0,0.0,Maria Laura Delle Monache,Maria Laura Delle Monache,,1,True,VARIABLE_UNITS,2024-04-03T12:00:00Z,True,False,False,,False,,False,False,,
S-2242-1-34628,2242,Spring 2024,2023-24,CIVENG 199,34628,1,1,,0.0,0.0,Sanjay Govindjee,Sanjay Govindjee,,1,True,VARIABLE_UNITS,2024-04-03T12:00:00Z,True,False,False,,False,,False,False,,
S-2248-1-10920,2248,Fall 2024,2024-25,ESPM 199,10920,1,0,,0.0,0.0,Paolo D'Odorico,Paolo D'Odorico,,1,True,VARIABLE_UNITS,,True,False,False,,False,,False,False,,
S-2248-1-10942,2248,Fall 2024,2024-25,ESPM 199,10942,1,0,,0.0,0.0,Allen Goldstein,Allen Goldstein,,1,True,VARIABLE_UNITS,,True,False,False,,False,,False,False,,
S-2248-1-12972,2248,Fall 2024,2024-25,ESPM 195,12972,1,0,,0.0,0.0,Paolo D'Odorico,Paolo D'Odorico,,1,True,VARIABLE_UNITS,,True,False,False,,False,,False,False,,
S-2248-1-14792,2248,Fall 2024,2024-25,UGIS 192D,14792,1,1,,0.0,0.0,Laurel Larsen,Laurel Larsen,,1,True,VARIABLE_UNITS,2024-10-13T12:00:00Z,True,False,False,,False,,False,False,,
S-2248-1-14802,2248,Fall 2024,2024-25,UGIS 192D,14802,1,6,,0.0,0.0,Amy Pickering,Amy Pickering,,1,True,VARIABLE_UNITS,2024-10-13T12:00:00Z,True,False,False,,False,,False,False,,
S-2248-1-14806,2248,Fall 2024,2024-25,UGIS 192D,14806,1,5,,0.0,0.0,David Sedlak,David Sedlak,,1,True,VARIABLE_UNITS,2024-10-13T12:00:00Z,True,False,False,,False,,False,False,,
S-2248-1-15178,2248,Fall 2024,2024-25,ENGIN 194,15178,1,0,3.0,0.0,0.0,Scott Moura,Scott Moura,,1,False,,2024-10-13T12:00:00Z,True,False,False,,False,,False,False,,
S-2248-1-15358,2248,Fall 2024,2024-25,GEOG 199,15358,1,0,,0.0,0.0,Laurel Larsen,Laurel Larsen,,1,True,VARIABLE_UNITS,2024-05-22T12:00:00Z,True,False,False,,False,,False,False,,
S-2248-1-16448,2248,Fall 2024,2024-25,CIVENG H194,16448,1,0,,0.0,0.0,Ashok Gadgil,Ashok Gadgil,,1,True,VARIABLE_UNITS,2024-04-19T12:00:00Z,True,False,False,,False,,False,False,,
S-2248-1-16556,2248,Fall 2024,2024-25,CIVENG 199,16556,1,4,,0.0,0.0,Susan Shaheen,Susan Shaheen,,1,True,VARIABLE_UNITS,2024-09-13T12:00:00Z,True,False,False,,False,,False,False,,
S-2248-1-17111,2248,Fall 2024,2024-25,GEOG H195A,17111,1,0,,0.0,0.0,Laurel Larsen,Laurel Larsen,,1,True,VARIABLE_UNITS,2024-05-22T12:00:00Z,True,False,False,,False,,False,False,,
S-2248-1-17666,2248,Fall 2024,2024-25,CYPLAN 197,17666,1,0,,0.0,0.0,Marta Gonzalez,Marta Gonzalez,,1,True,VARIABLE_UNITS,,True,False,False,,False,,False,False,,
S-2248-1-18319,2248,Fall 2024,2024-25,CYPLAN 199,18319,1,0,,0.0,0.0,Marta Gonzalez,Marta Gonzalez,,1,True,VARIABLE_UNITS,,True,False,False,,False,,False,False,,
S-2248-1-18451,2248,Fall 2024,2024-25,ESPM 175L,18451,1,0,1.0,0.0,0.0,Allen Goldstein,Allen Goldstein,,1,True,MISSING_ENROLLMENT,,True,True,False,,False,,False,False,,
S-2248-1-19108,2248,Fall 2024,2024-25,CIVENG 197,19108,1,1,,0.0,0.0,Mohamad Mahdi Hallal,Mohamad Mahdi Hallal,,1,True,VARIABLE_UNITS,2024-10-13T12:00:00Z,True,False,False,,False,,False,False,,
S-2248-1-19290,2248,Fall 2024,2024-25,GPP 196,19290,1,17,3.0,51.0,51.0,Khalid Kadir,Khalid Kadir,,1,False,,2024-10-13T12:00:00Z,True,False,False,,False,,False,False,,
X-2248-21435-29575,2248,Fall 2024,2024-25,CIVENG C178 | EPS C178,21435 | 29575,2,20,3.0,60.0,60.0,James Rector III,James Rector III,,1,False,,2024-10-13T12:00:00Z,True,False,False,,False,,False,False,,
S-2248-1-21484,2248,Fall 2024,2024-25,GEOG 40,21484,1,69,4.0,276.0,276.0,Laurel Larsen,Laurel Larsen,,1,False,,2024-10-13T12:00:00Z,True,False,False,,False,,False,False,,
S-2248-1-22696,2248,Fall 2024,2024-25,POLECON 101,22696,1,154,4.0,616.0,616.0,Khalid Kadir,Khalid Kadir,,1,False,,2024-10-13T12:00:00Z,True,False,False,,False,,False,False,,
X-2248-25690-28216-29488,2248,Fall 2024,2024-25,CIVENG C103N | ESPM C130 | GEOG C136,25690 | 28216 | 29488,3,22,4.0,0.0,0.0,Manuela Girotto,Manuela Girotto,,1,True,MISSING_ENROLLMENT,2024-10-13T12:00:00Z,True,True,False,,False,,False,False,,
X-2248-28404-28440,2248,Fall 2024,2024-25,CIVENG 198 | CIVENG 98,28404 | 28440,2,80,,0.0,0.0,Eyitayo Opabola | Emma Le Coz | Timothy Klein | Ananya Varma,Eyitayo Opabola | Emma Le Coz | Timothy Klein | Ananya Varma,,4,True,COURSE_POLICY_EXCLUSION,2024-10-13T12:00:00Z,True,False,False,,True,CIVENG 98/198 group-study activities are excluded consistently across all Version 1.2 terms,True,False,,
S-2248-1-28405,2248,Fall 2024,2024-25,CIVENG 100,28405,1,120,4.0,480.0,480.0,Mallory Barkdull,Mallory Barkdull,,1,False,,2024-10-07T12:00:00Z,True,False,False,,False,,False,False,,
S-2248-1-28409,2248,Fall 2024,2024-25,CIVENG 60,28409,1,90,3.0,270.0,270.0,Cruz Carlos,Cruz Carlos,,1,False,,2024-10-07T12:00:00Z,True,False,False,,False,,False,False,,
S-2248-1-28416,2248,Fall 2024,2024-25,CIVENG 70,28416,1,100,3.0,300.0,300.0,Nicholas Sitar,Nicholas Sitar,,1,False,,2024-10-07T12:00:00Z,True,False,False,,False,,False,False,,
S-2248-1-28421,2248,Fall 2024,2024-25,CIVENG 153,28421,1,37,3.0,111.0,111.0,Jasenka Rakas,Jasenka Rakas,,1,False,,2024-10-07T12:00:00Z,True,False,False,,False,,False,False,,
S-2248-1-28427,2248,Fall 2024,2024-25,CIVENG 111,28427,1,135,3.0,405.0,405.0,Baoxia Mi,Baoxia Mi,,1,False,,2024-10-07T12:00:00Z,True,False,False,,False,,False,False,,
X-2248-28430-28709,2248,Fall 2024,2024-25,CIVENG C30 | MECENG C85,28430 | 28709,2,190,3.0,570.0,0.0,Grace Gu,Grace Gu,,1,True,NO_CEE_AFFILIATED_INSTRUCTOR,2024-10-13T12:00:00Z,True,False,False,,False,,False,False,,
X-2248-28431-28701,2248,Fall 2024,2024-25,CIVENG C30 | MECENG C85,28431 | 28701,2,160,3.0,480.0,480.0,SHAOFAN LI,SHAOFAN LI,,1,False,,2024-10-13T12:00:00Z,True,False,False,,False,,False,False,,
S-2248-1-28438,2248,Fall 2024,2024-25,CIVENG 173,28438,1,29,3.0,87.0,87.0,Nicholas Sitar,Nicholas Sitar,,1,False,,2024-10-07T12:00:00Z,True,False,False,,False,,False,False,,
S-2248-1-28445,2248,Fall 2024,2024-25,CIVENG 115,28445,1,46,3.0,138.0,138.0,David Sedlak,David Sedlak,,1,False,,2024-10-07T12:00:00Z,True,False,False,,False,,False,False,,
S-2248-1-28657,2248,Fall 2024,2024-25,ENGIN 7,28657,1,406,4.0,1624.0,1624.0,Mohamad Mahdi Hallal,Mohamad Mahdi Hallal,,1,False,,2024-10-13T12:00:00Z,True,False,False,,False,,False,False,,
S-2248-1-28769,2248,Fall 2024,2024-25,CIVENG 124,28769,1,34,3.0,102.0,102.0,Gary Mochizuki,Gary Mochizuki,,1,False,,2024-10-07T12:00:00Z,True,False,False,,False,,False,False,,
X-2248-28851-33127,2248,Fall 2024,2024-25,ENGIN 93,28851,1,83,1.0,83.0,83.0,Scott Moura,Scott Moura,,1,False,,2024-10-13T12:00:00Z,True,False,False,,False,,False,False,,
X-2248-28905-28906,2248,Fall 2024,2024-25,CIVENG 198 | CIVENG 98,28905 | 28906,2,135,,0.0,0.0,Iris Tommelein | Silvester Htet | Diego Balino Martinez,Iris Tommelein | Silvester Htet | Diego Balino Martinez,,3,True,COURSE_POLICY_EXCLUSION,2024-10-13T12:00:00Z,True,False,False,,True,CIVENG 98/198 group-study activities are excluded consistently across all Version 1.2 terms,True,False,,
X-2248-28907-28908,2248,Fall 2024,2024-25,CIVENG 198 | CIVENG 98,28907 | 28908,2,41,,0.0,0.0,Amy Pickering | Fona Ou | Jenna Cheng,Amy Pickering | Fona Ou | Jenna Cheng,,3,True,COURSE_POLICY_EXCLUSION,2024-10-13T12:00:00Z,True,False,False,,True,CIVENG 98/198 group-study activities are excluded consistently across all Version 1.2 terms,True,False,,
X-2248-28909-28910,2248,Fall 2024,2024-25,CIVENG 198 | CIVENG 98,28909 | 28910,2,17,,0.0,0.0,Michael Riemer | Kyle Wong,Michael Riemer | Kyle Wong,,2,True,COURSE_POLICY_EXCLUSION,2024-10-13T12:00:00Z,True,False,False,,True,CIVENG 98/198 group-study activities are excluded consistently across all Version 1.2 terms,True,False,,
X-2248-28911-28912,2248,Fall 2024,2024-25,CIVENG 198 | CIVENG 98,28911 | 28912,2,51,,0.0,0.0,Dimitrios Konstantinidis | Camryn Ness | Tim Han,Dimitrios Konstantinidis | Camryn Ness | Tim Han,,3,True,COURSE_POLICY_EXCLUSION,2024-10-13T12:00:00Z,True,False,False,,True,CIVENG 98/198 group-study activities are excluded consistently across all Version 1.2 terms,True,False,,
X-2248-28913-28914,2248,Fall 2024,2024-25,CIVENG 198 | CIVENG 98,28913 | 28914,2,73,,0.0,0.0,Tracy Becker | Everardo Solis-Correa,Tracy Becker | Everardo Solis-Correa,,2,True,COURSE_POLICY_EXCLUSION,2024-10-13T12:00:00Z,True,False,False,,True,CIVENG 98/198 group-study activities are excluded consistently across all Version 1.2 terms,True,False,,
X-2248-28915-28919,2248,Fall 2024,2024-25,CIVENG 198 | CIVENG 98,28915 | 28919,2,27,,0.0,0.0,Baoxia Mi | Patrick Hannifin | Dylan Tay,Baoxia Mi | Patrick Hannifin | Dylan Tay,,3,True,COURSE_POLICY_EXCLUSION,2024-10-13T12:00:00Z,True,False,False,,True,CIVENG 98/198 group-study activities are excluded consistently across all Version 1.2 terms,True,False,,
S-2248-1-29118,2248,Fall 2024,2024-25,CIVENG 126,29118,1,24,3.0,72.0,72.0,Dimitrios Konstantinidis,Dimitrios Konstantinidis,,1,False,,2024-10-13T12:00:00Z,True,False,False,,False,,False,False,,
X-2248-29133-29134,2248,Fall 2024,2024-25,CIVENG 198 | CIVENG 98,29133 | 29134,2,52,,0.0,0.0,Michael Cassidy | Etaash Patel | Amelia Stacey | Rob Rudy,Michael Cassidy | Etaash Patel | Amelia Stacey | Rob Rudy,,4,True,COURSE_POLICY_EXCLUSION,2024-10-13T12:00:00Z,True,False,False,,True,CIVENG 98/198 group-study activities are excluded consistently across all Version 1.2 terms,True,False,,
S-2248-1-29177,2248,Fall 2024,2024-25,CIVENG 167,29177,1,131,3.0,393.0,393.0,Manar Shami,Manar Shami,,1,False,,2024-10-07T12:00:00Z,True,False,False,,False,,False,False,,
X-2248-28135-29276,2248,Fall 2024,2024-25,CIVENG C116,29276,1,0,3.0,0.0,0.0,Staff/Unknown,Staff/Unknown,,0,True,MISSING_ENROLLMENT,,True,True,False,,False,,False,False,,
X-2248-29286-33989,2248,Fall 2024,2024-25,CIVENG 170A,29286,1,24,3.0,72.0,72.0,Kenichi Soga | Dimitrios Zekkos,Kenichi Soga | Dimitrios Zekkos,,2,False,,2024-10-13T12:00:00Z,True,False,False,,False,,False,False,,
S-2248-1-29287,2248,Fall 2024,2024-25,CIVENG 122,29287,1,27,3.0,81.0,81.0,Tracy Becker,Tracy Becker,,1,False,,2024-10-13T12:00:00Z,True,False,False,,False,,False,False,,
S-2248-1-29300,2248,Fall 2024,2024-25,CIVENG 111L,29300,1,11,1.0,11.0,11.0,Thomas Kirchstetter,Thomas Kirchstetter,,1,False,,2024-10-07T12:00:00Z,True,False,False,,False,,False,False,,
S-2248-1-29303,2248,Fall 2024,2024-25,CIVENG 155,29303,1,29,3.0,87.0,87.0,Maria Laura Delle Monache,Maria Laura Delle Monache,,1,False,,2024-10-07T12:00:00Z,True,False,False,,False,,False,False,,
S-2248-1-29376,2248,Fall 2024,2024-25,CIVENG 11,29376,1,82,3.0,246.0,246.0,Jason Porzio,Jason Porzio,,1,False,,2024-10-07T12:00:00Z,True,False,False,,False,,False,False,,
S-2248-1-29520,2248,Fall 2024,2024-25,CIVENG 112,29520,1,31,3.0,93.0,93.0,Kenichi Soga,Kenichi Soga,,1,False,,2024-10-07T12:00:00Z,True,False,False,,False,,False,False,,
S-2248-1-29724,2248,Fall 2024,2024-25,CIVENG 108,29724,1,87,3.0,261.0,261.0,Mark Stacey,Mark Stacey,,1,False,,2024-10-07T12:00:00Z,True,False,False,,False,,False,False,,
S-2248-1-29728,2248,Fall 2024,2024-25,CIVENG 193,29728,1,13,3.0,39.0,39.0,Ziqi Wang,Ziqi Wang,,1,False,,2024-10-13T12:00:00Z,True,False,False,,False,,False,False,,
S-2248-1-29729,2248,Fall 2024,2024-25,CIVENG 92B,29729,1,16,2.0,32.0,32.0,Matthew De Jong,Matthew De Jong,,1,False,,2024-10-13T12:00:00Z,True,False,False,,False,,False,False,,
OVR-2248-CIVENG-190S,2248,Fall 2024,2024-25,CIVENG 190S,29934 | 29936,2,59,3.0,177.0,177.0,Raja Sengupta | Gora Datta,Raja Sengupta,Gora Datta,1,False,,2024-10-13T12:00:00Z,True,False,False,,False,,False,False,,
S-2248-1-32448,2248,Fall 2024,2024-25,GEOG C135,32448,1,65,3.0,195.0,195.0,Laurel Larsen,Laurel Larsen,,1,False,,2024-10-13T12:00:00Z,True,False,False,,False,,False,False,,
S-2248-1-33467,2248,Fall 2024,2024-25,CIVENG 190,33467,1,15,,0.0,0.0,Jeffrey Lessman,Jeffrey Lessman,,1,True,COURSE_POLICY_EXCLUSION,2024-10-13T12:00:00Z,True,False,False,,True,CIVENG 190 is a reusable pilot-course number with heterogeneous sections and instructors; exclude all offerings from Version 1 SCH,False,False,,
S-2248-1-33578,2248,Fall 2024,2024-25,CIVENG 93,33578,1,90,3.0,270.0,270.0,Mohamad Mahdi Hallal,Mohamad Mahdi Hallal,,1,False,,2024-10-07T12:00:00Z,True,False,False,,False,,False,False,,
S-2248-1-34170,2248,Fall 2024,2024-25,CIVENG 190,34170,1,0,,0.0,0.0,Staff/Unknown,Staff/Unknown,,0,True,COURSE_POLICY_EXCLUSION,,True,False,False,,True,CIVENG 190 is a reusable pilot-course number with heterogeneous sections and instructors; exclude all offerings from Version 1 SCH,False,False,,
S-2248-1-34205,2248,Fall 2024,2024-25,CIVENG 199,34205,1,1,,0.0,0.0,Luis Ceferino Rojas,Luis Ceferino Rojas,,1,True,VARIABLE_UNITS,2024-09-13T12:00:00Z,True,False,False,,False,,False,False,,
S-2248-1-34407,2248,Fall 2024,2024-25,CIVENG 199,34407,1,1,,0.0,0.0,Maria Laura Delle Monache,Maria Laura Delle Monache,,1,True,VARIABLE_UNITS,2024-09-13T12:00:00Z,True,False,False,,False,,False,False,,
S-2248-1-34505,2248,Fall 2024,2024-25,CIVENG 199,34505,1,1,,0.0,0.0,Joan Walker,Joan Walker,,1,True,VARIABLE_UNITS,2024-09-13T12:00:00Z,True,False,False,,False,,False,False,,
S-2248-1-34522,2248,Fall 2024,2024-25,CIVENG H194,34522,1,1,,0.0,0.0,SHAOFAN LI,SHAOFAN LI,,1,True,VARIABLE_UNITS,2024-10-13T12:00:00Z,True,False,False,,False,,False,False,,
S-2248-1-34526,2248,Fall 2024,2024-25,CIVENG 199,34526,1,1,,0.0,0.0,Cruz Carlos,Cruz Carlos,,1,True,VARIABLE_UNITS,2024-09-13T12:00:00Z,True,False,False,,False,,False,False,,
S-2248-1-34553,2248,Fall 2024,2024-25,CIVENG 199,34553,1,1,,0.0,0.0,Khalid Mosalam,Khalid Mosalam,,1,True,VARIABLE_UNITS,2024-09-13T12:00:00Z,True,False,False,,False,,False,False,,
S-2248-1-34567,2248,Fall 2024,2024-25,CIVENG 199,34567,1,1,,0.0,0.0,Baoxia Mi,Baoxia Mi,,1,True,VARIABLE_UNITS,2024-09-13T12:00:00Z,True,False,False,,False,,False,False,,
S-2248-1-34568,2248,Fall 2024,2024-25,CIVENG 199,34568,1,2,,0.0,0.0,SHAOFAN LI,SHAOFAN LI,,1,True,VARIABLE_UNITS,2024-09-13T12:00:00Z,True,False,False,,False,,False,False,,
S-2248-1-34569,2248,Fall 2024,2024-25,CIVENG 190,34569,1,0,,0.0,0.0,Staff/Unknown,Staff/Unknown,,0,True,COURSE_POLICY_EXCLUSION,,True,False,False,,True,CIVENG 190 is a reusable pilot-course number with heterogeneous sections and instructors; exclude all offerings from Version 1 SCH,False,False,,
S-2248-1-34609,2248,Fall 2024,2024-25,EPS 199,34609,1,1,,0.0,0.0,James Rector III,James Rector III,,1,True,VARIABLE_UNITS,2024-09-19T12:00:00Z,True,False,False,,False,,False,False,,
S-2248-1-34646,2248,Fall 2024,2024-25,CIVENG 199,34646,1,1,,0.0,0.0,Tracy Becker,Tracy Becker,,1,True,VARIABLE_UNITS,2024-09-13T12:00:00Z,True,False,False,,False,,False,False,,
S-2248-1-34658,2248,Fall 2024,2024-25,CIVENG 199,34658,1,1,,0.0,0.0,Scott Moura,Scott Moura,,1,True,VARIABLE_UNITS,2024-09-13T12:00:00Z,True,False,False,,False,,False,False,,
S-2248-1-34688,2248,Fall 2024,2024-25,CIVENG 199,34688,1,0,,0.0,0.0,Allen Goldstein,Allen Goldstein,,1,True,VARIABLE_UNITS,2024-04-18T12:00:00Z,True,False,False,,False,,False,False,,
S-2248-1-34723,2248,Fall 2024,2024-25,CIVENG 199,34723,1,1,,0.0,0.0,Iris Tommelein,Iris Tommelein,,1,True,VARIABLE_UNITS,2024-10-01T12:00:00Z,True,False,False,,False,,False,False,,
S-2248-1-34746,2248,Fall 2024,2024-25,CIVENG 197,34746,1,0,,0.0,0.0,SHAOFAN LI,SHAOFAN LI,,1,True,VARIABLE_UNITS,2024-10-13T12:00:00Z,True,False,False,,False,,False,False,,
S-2248-1-34747,2248,Fall 2024,2024-25,CIVENG 199,34747,1,1,,0.0,0.0,Ashok Gadgil,Ashok Gadgil,,1,True,VARIABLE_UNITS,2024-10-01T12:00:00Z,True,False,False,,False,,False,False,,
S-2248-1-34786,2248,Fall 2024,2024-25,CIVENG 199,34786,1,0,,0.0,0.0,Cynthia Gerlein-Safdi,Cynthia Gerlein-Safdi,,1,True,VARIABLE_UNITS,2024-10-13T12:00:00Z,True,False,False,,False,,False,False,,
S-2252-1-14920,2252,Spring 2025,2024-25,UGIS 192D,14920,1,3,,0.0,0.0,Lisa Alvarez-Cohen,Lisa Alvarez-Cohen,,1,True,VARIABLE_UNITS,2025-03-28T12:00:00Z,True,False,False,,False,,False,False,,
S-2252-1-14927,2252,Spring 2025,2024-25,UGIS 192D,14927,1,2,,0.0,0.0,Cynthia Gerlein-Safdi,Cynthia Gerlein-Safdi,,1,True,VARIABLE_UNITS,2025-03-28T12:00:00Z,True,False,False,,False,,False,False,,
S-2252-1-14932,2252,Spring 2025,2024-25,UGIS 192D,14932,1,3,,0.0,0.0,Laurel Larsen,Laurel Larsen,,1,True,VARIABLE_UNITS,2025-03-28T12:00:00Z,True,False,False,,False,,False,False,,
S-2252-1-14940,2252,Spring 2025,2024-25,UGIS 192D,14940,1,1,,0.0,0.0,Kara Nelson,Kara Nelson,,1,True,VARIABLE_UNITS,2025-03-28T12:00:00Z,True,False,False,,False,,False,False,,
S-2252-1-14942,2252,Spring 2025,2024-25,UGIS 192D,14942,1,9,,0.0,0.0,Amy Pickering,Amy Pickering,,1,True,VARIABLE_UNITS,2025-03-28T12:00:00Z,True,False,False,,False,,False,False,,
S-2252-1-14947,2252,Spring 2025,2024-25,UGIS 192D,14947,1,4,,0.0,0.0,David Sedlak,David Sedlak,,1,True,VARIABLE_UNITS,2025-03-28T12:00:00Z,True,False,False,,False,,False,False,,
S-2252-1-14953,2252,Spring 2025,2024-25,UGIS 192D,14953,1,2,,0.0,0.0,Cesunica Ivey,Cesunica Ivey,,1,True,VARIABLE_UNITS,2025-03-28T12:00:00Z,True,False,False,,False,,False,False,,
S-2252-1-15372,2252,Spring 2025,2024-25,ENGIN 194,15372,1,1,3.0,3.0,3.0,Scott Moura,Scott Moura,,1,False,,2025-03-28T12:00:00Z,True,False,False,,False,,False,False,,
S-2252-1-15525,2252,Spring 2025,2024-25,GEOG 199,15525,1,0,,0.0,0.0,Laurel Larsen,Laurel Larsen,,1,True,VARIABLE_UNITS,,True,False,False,,False,,False,False,,
S-2252-1-15847,2252,Spring 2025,2024-25,GEOG H195B,15847,1,0,,0.0,0.0,Laurel Larsen,Laurel Larsen,,1,True,VARIABLE_UNITS,,True,False,False,,False,,False,False,,
S-2252-1-16597,2252,Spring 2025,2024-25,CIVENG H194,16597,1,0,,0.0,0.0,Staff/Unknown,Staff/Unknown,,0,True,VARIABLE_UNITS,,True,True,False,,False,,False,False,,
S-2252-1-17120,2252,Spring 2025,2024-25,GEOG H195A,17120,1,0,,0.0,0.0,Laurel Larsen,Laurel Larsen,,1,True,VARIABLE_UNITS,,True,False,False,,False,,False,False,,
S-2252-1-17682,2252,Spring 2025,2024-25,CYPLAN 197,17682,1,0,,0.0,0.0,Marta Gonzalez,Marta Gonzalez,,1,True,VARIABLE_UNITS,,True,False,False,,False,,False,False,,
S-2252-1-18349,2252,Spring 2025,2024-25,CYPLAN 199,18349,1,0,,0.0,0.0,Marta Gonzalez,Marta Gonzalez,,1,True,VARIABLE_UNITS,,True,False,False,,False,,False,False,,
S-2252-1-19128,2252,Spring 2025,2024-25,CIVENG 191,19128,1,36,3.0,108.0,108.0,Raja Sengupta | Jean-Luc Lupien,Raja Sengupta,Jean-Luc Lupien,1,False,,2025-03-28T12:00:00Z,True,False,False,,False,,False,False,,
S-2252-1-19130,2252,Spring 2025,2024-25,CIVENG 197,19130,1,0,,0.0,0.0,Staff/Unknown,Staff/Unknown,,0,True,VARIABLE_UNITS,,True,True,False,,False,,False,False,,
S-2252-1-19289,2252,Spring 2025,2024-25,GPP 196,19289,1,15,3.0,45.0,45.0,Khalid Kadir,Khalid Kadir,,1,False,,2025-03-28T12:00:00Z,True,False,False,,False,,False,False,,
X-2252-21594-29020,2252,Spring 2025,2024-25,ENGIN 157AC | IAS 157AC,21594 | 29020,2,57,4.0,228.0,228.0,Khalid Kadir,Khalid Kadir,,1,False,,2025-03-28T12:00:00Z,True,False,False,,False,,False,False,,
X-2252-25588-27983,2252,Spring 2025,2024-25,ESPM C46 | LS C46,25588 | 27983,2,92,4.0,368.0,368.0,Whendee Silver | David Sedlak,Whendee Silver | David Sedlak,,2,False,,2025-03-28T12:00:00Z,True,False,False,,False,,False,False,,
S-2252-1-28122,2252,Spring 2025,2024-25,ESPM 15,28122,1,85,3.0,255.0,255.0,Paolo D'Odorico | Christine Gehrig-Downie,Paolo D'Odorico,Christine Gehrig-Downie,1,False,,2025-03-28T12:00:00Z,True,False,False,,False,,False,False,,
S-2252-1-28480,2252,Spring 2025,2024-25,ESPM 130A,28480,1,5,4.0,20.0,20.0,Paolo D'Odorico,Paolo D'Odorico,,1,False,,2025-03-28T12:00:00Z,True,False,False,,False,,False,False,,
S-2252-1-28698,2252,Spring 2025,2024-25,CIVENG 11,28698,1,91,3.0,273.0,273.0,Arpad Horvath | Stephanie Collins,Arpad Horvath,Stephanie Collins,1,False,,2025-03-28T12:00:00Z,True,False,False,,False,,False,False,,
X-2252-28699-29415,2252,Spring 2025,2024-25,CIVENG C30 | MECENG C85,28699 | 29415,2,84,,0.0,0.0,Tony Keaveny,Tony Keaveny,,1,True,VARIABLE_UNITS,2025-03-28T12:00:00Z,True,True,False,,False,,False,False,,
X-2252-28700-29505,2252,Spring 2025,2024-25,CIVENG C30 | MECENG C85,28700 | 29505,2,135,3.0,405.0,405.0,Sanjay Govindjee,Sanjay Govindjee,,1,False,,2025-03-28T12:00:00Z,True,False,False,,False,,False,False,,
S-2252-1-28705,2252,Spring 2025,2024-25,CIVENG 60,28705,1,97,3.0,291.0,291.0,SHAOFAN LI,SHAOFAN LI,,1,False,,2025-03-28T12:00:00Z,True,False,False,,False,,False,False,,
S-2252-1-28707,2252,Spring 2025,2024-25,CIVENG 93,28707,1,85,3.0,255.0,255.0,Mohamad Mahdi Hallal,Mohamad Mahdi Hallal,,1,False,,2025-03-28T12:00:00Z,True,False,False,,False,,False,False,,
X-2252-28708-28711,2252,Spring 2025,2024-25,CIVENG 198 | CIVENG 98,28708 | 28711,2,65,,0.0,0.0,Emma Le Coz | Timothy Klein | Ananya Varma | Eyitayo Opabola,Emma Le Coz | Timothy Klein | Ananya Varma | Eyitayo Opabola,,4,True,COURSE_POLICY_EXCLUSION,2025-03-28T12:00:00Z,True,False,False,,True,CIVENG 98/198 group-study activities are excluded consistently across all Version 1.2 terms,True,False,,
S-2252-1-28709,2252,Spring 2025,2024-25,CIVENG 120,28709,1,100,3.0,300.0,300.0,Luis Ceferino Rojas | Churong Chen,Luis Ceferino Rojas,Churong Chen,1,False,,2025-03-28T12:00:00Z,True,False,False,,False,,False,False,,
S-2252-1-29025,2252,Spring 2025,2024-25,CIVENG 180,29025,1,35,4.0,140.0,140.0,Stanislaus Tuholski | Hung Nguyen,Stanislaus Tuholski,Hung Nguyen,1,False,,2025-03-28T12:00:00Z,True,False,False,,False,,False,False,,
S-2252-1-29158,2252,Spring 2025,2024-25,CIVENG 132,29158,1,23,3.0,69.0,69.0,Francisco Armero | Zhijin Feng,Francisco Armero,Zhijin Feng,1,False,,2025-03-28T12:00:00Z,True,False,False,,False,,False,False,,
S-2252-1-29293,2252,Spring 2025,2024-25,CIVENG 123,29293,1,25,3.0,75.0,75.0,David Kren | Hector Garcia,David Kren,Hector Garcia,1,False,,2025-03-28T12:00:00Z,True,False,False,,False,,False,False,,
X-2252-29299-29487,2252,Spring 2025,2024-25,CIVENG C133 | MECENG C180,29299 | 29487,2,56,3.0,168.0,0.0,Tarek Zohdi,Tarek Zohdi,,1,True,NO_CEE_AFFILIATED_INSTRUCTOR,2025-03-28T12:00:00Z,True,False,False,,False,,False,False,,
S-2252-1-29308,2252,Spring 2025,2024-25,CIVENG 175,29308,1,98,3.0,294.0,294.0,Adda Athanasopoulos Zekkos | John Sadek | Madison Callan,Adda Athanasopoulos Zekkos,John Sadek | Madison Callan,1,False,,2025-03-28T12:00:00Z,True,False,False,,False,,False,False,,
S-2252-1-29329,2252,Spring 2025,2024-25,CIVENG 110,29329,1,89,3.0,267.0,267.0,Kara Nelson | Jennifer Stokes-Draut | Vera Luu,Kara Nelson | Jennifer Stokes-Draut,Vera Luu,2,False,,2025-03-28T12:00:00Z,True,False,False,,False,,False,False,,
S-2252-1-29396,2252,Spring 2025,2024-25,CIVENG 107,29396,1,77,3.0,231.0,231.0,Joshua Apte | Muscaan Birdi,Joshua Apte,Muscaan Birdi,1,False,,2025-03-28T12:00:00Z,True,False,False,,False,,False,False,,
S-2252-1-29398,2252,Spring 2025,2024-25,CIVENG 166,29398,1,75,3.0,225.0,225.0,Manar Shami | Alejandra Amador-Caro,Manar Shami,Alejandra Amador-Caro,1,False,,2025-03-28T12:00:00Z,True,False,False,,False,,False,False,,
S-2252-1-29512,2252,Spring 2025,2024-25,ENGIN 198,29512,1,0,,0.0,0.0,Khalid Kadir | Minah Choi,Khalid Kadir | Minah Choi,,2,True,COURSE_POLICY_EXCLUSION,,True,False,False,,True,ENGIN 98/198 group-study activities are excluded consistently across all Version 1.2 terms,True,False,,
S-2252-1-29874,2252,Spring 2025,2024-25,CIVENG 105,29874,1,26,3.0,78.0,78.0,Fotini Chow | Courtney Turkatte,Fotini Chow,Courtney Turkatte,1,False,,2025-03-28T12:00:00Z,True,False,False,,False,,False,False,,
S-2252-1-29947,2252,Spring 2025,2024-25,CIVENG 186,29947,1,56,3.0,168.0,168.0,Scott Moura | Muhammad Sohaib,Scott Moura,Muhammad Sohaib,1,False,,2025-03-28T12:00:00Z,True,False,False,,False,,False,False,,
OVR-2252-CIVENG-190S,2252,Spring 2025,2024-25,CIVENG 190S,29956 | 33891,2,75,3.0,225.0,225.0,Raja Sengupta | Gora Datta,Raja Sengupta,Gora Datta,1,False,,2025-03-28T12:00:00Z,True,False,False,,False,,False,False,,
X-2252-30050-30078,2252,Spring 2025,2024-25,CIVENG 198 | CIVENG 98,30050 | 30078,2,97,,0.0,0.0,Silvester Htet | Iris Tommelein,Silvester Htet | Iris Tommelein,,2,True,COURSE_POLICY_EXCLUSION,2025-03-28T12:00:00Z,True,False,False,,True,CIVENG 98/198 group-study activities are excluded consistently across all Version 1.2 terms,True,False,,
S-2252-1-30068,2252,Spring 2025,2024-25,CIVENG 188,30068,1,49,3.0,147.0,147.0,James Rector III | Rachel Chow,James Rector III,Rachel Chow,1,False,,2025-03-28T12:00:00Z,True,False,False,,False,,False,False,,
X-2252-30069-30079,2252,Spring 2025,2024-25,CIVENG 198 | CIVENG 98,30069 | 30079,2,39,,0.0,0.0,Fona Ou | Jenna Cheng | Amy Pickering,Fona Ou | Jenna Cheng | Amy Pickering,,3,True,COURSE_POLICY_EXCLUSION,2025-03-28T12:00:00Z,True,False,False,,True,CIVENG 98/198 group-study activities are excluded consistently across all Version 1.2 terms,True,False,,
X-2252-30070-30080,2252,Spring 2025,2024-25,CIVENG 198 | CIVENG 98,30070 | 30080,2,21,,0.0,0.0,Kyle Wong | Michael Riemer,Kyle Wong | Michael Riemer,,2,True,COURSE_POLICY_EXCLUSION,2025-03-28T12:00:00Z,True,False,False,,True,CIVENG 98/198 group-study activities are excluded consistently across all Version 1.2 terms,True,False,,
X-2252-30071-30081,2252,Spring 2025,2024-25,CIVENG 198 | CIVENG 98,30071 | 30081,2,38,,0.0,0.0,Tim Han | Camryn Ness | Dimitrios Konstantinidis,Tim Han | Camryn Ness | Dimitrios Konstantinidis,,3,True,COURSE_POLICY_EXCLUSION,2025-03-28T12:00:00Z,True,False,False,,True,CIVENG 98/198 group-study activities are excluded consistently across all Version 1.2 terms,True,False,,
X-2252-30072-30082,2252,Spring 2025,2024-25,CIVENG 198 | CIVENG 98,30072 | 30082,2,70,,0.0,0.0,Everardo Solis-Correa | David Kren,Everardo Solis-Correa | David Kren,,2,True,COURSE_POLICY_EXCLUSION,2025-03-28T12:00:00Z,True,False,False,,True,CIVENG 98/198 group-study activities are excluded consistently across all Version 1.2 terms,True,False,,
X-2252-30073-30083,2252,Spring 2025,2024-25,CIVENG 198 | CIVENG 98,30073 | 30083,2,20,,0.0,0.0,Baoxia Mi | Patrick Hannifin,Baoxia Mi | Patrick Hannifin,,2,True,COURSE_POLICY_EXCLUSION,2025-03-28T12:00:00Z,True,False,False,,True,CIVENG 98/198 group-study activities are excluded consistently across all Version 1.2 terms,True,False,,
X-2252-30074-30084,2252,Spring 2025,2024-25,CIVENG 198 | CIVENG 98,30074 | 30084,2,57,,0.0,0.0,Michael Cassidy | Etaash Patel | Amelia Stacey | Rob Rudy,Michael Cassidy | Etaash Patel | Amelia Stacey | Rob Rudy,,4,True,COURSE_POLICY_EXCLUSION,2025-03-28T12:00:00Z,True,False,False,,True,CIVENG 98/198 group-study activities are excluded consistently across all Version 1.2 terms,True,False,,
S-2252-1-30085,2252,Spring 2025,2024-25,CIVENG 98,30085,1,16,,0.0,0.0,Bennett Somerville | Francisco Armero | Jiaming Zhang | Jane Park,Bennett Somerville | Francisco Armero | Jiaming Zhang | Jane Park,,4,True,COURSE_POLICY_EXCLUSION,2025-03-28T12:00:00Z,True,False,False,,True,CIVENG 98/198 group-study activities are excluded consistently across all Version 1.2 terms,True,False,,
S-2252-1-30086,2252,Spring 2025,2024-25,CIVENG 98,30086,1,12,,0.0,0.0,Francisco Armero | Bennett Somerville | Jiaming Zhang | Jane Park,Francisco Armero | Bennett Somerville | Jiaming Zhang | Jane Park,,4,True,COURSE_POLICY_EXCLUSION,2025-03-28T12:00:00Z,True,False,False,,True,CIVENG 98/198 group-study activities are excluded consistently across all Version 1.2 terms,True,False,,
X-2252-31842-31845-33669-33678,2252,Spring 2025,2024-25,AEROENG C184 | CIVENG C138 | MECENG C184,31842 | 31845 | 33678,3,17,3.0,0.0,0.0,Nhan Nguyen | Ian Li,Nhan Nguyen | Ian Li,,2,True,MISSING_ENROLLMENT,2025-03-28T12:00:00Z,True,True,False,,False,,False,False,,
S-2252-1-33773,2252,Spring 2025,2024-25,CIVENG 199,33773,1,5,,0.0,0.0,Susan Shaheen,Susan Shaheen,,1,True,VARIABLE_UNITS,2025-03-28T12:00:00Z,True,False,False,,False,,False,False,,
S-2252-1-33935,2252,Spring 2025,2024-25,CIVENG 199,33935,1,2,,0.0,0.0,Maria Laura Delle Monache,Maria Laura Delle Monache,,1,True,VARIABLE_UNITS,2025-03-28T12:00:00Z,True,False,False,,False,,False,False,,
S-2252-1-34051,2252,Spring 2025,2024-25,CIVENG 199,34051,1,1,,0.0,0.0,Khalid Mosalam,Khalid Mosalam,,1,True,VARIABLE_UNITS,2025-03-28T12:00:00Z,True,False,False,,False,,False,False,,
S-2252-1-34111,2252,Spring 2025,2024-25,CIVENG H194,34111,1,1,,0.0,0.0,Susan Shaheen,Susan Shaheen,,1,True,VARIABLE_UNITS,2025-03-28T12:00:00Z,True,False,False,,False,,False,False,,
X-2252-30011-34227,2252,Spring 2025,2024-25,CIVENG 157,34227,1,11,3.0,33.0,33.0,Jasenka Rakas,Jasenka Rakas,,1,False,,2025-03-28T12:00:00Z,True,False,False,,False,,False,False,,
S-2252-1-34359,2252,Spring 2025,2024-25,CIVENG 197,34359,1,1,,0.0,0.0,SHAOFAN LI,SHAOFAN LI,,1,True,VARIABLE_UNITS,2025-03-28T12:00:00Z,True,False,False,,False,,False,False,,
S-2252-1-34437,2252,Spring 2025,2024-25,ENGIN 98,34437,1,7,,0.0,0.0,Khalid Kadir | Minah Choi,Khalid Kadir | Minah Choi,,2,True,COURSE_POLICY_EXCLUSION,2025-03-28T12:00:00Z,True,False,False,,True,ENGIN 98/198 group-study activities are excluded consistently across all Version 1.2 terms,True,False,,
S-2252-1-34451,2252,Spring 2025,2024-25,CIVENG 198,34451,1,15,,0.0,0.0,Aviv Regev | Robert Kayen,Aviv Regev | Robert Kayen,,2,True,COURSE_POLICY_EXCLUSION,2025-03-28T12:00:00Z,True,False,False,,True,CIVENG 98/198 group-study activities are excluded consistently across all Version 1.2 terms,True,False,,
S-2252-1-34452,2252,Spring 2025,2024-25,CIVENG 198,34452,1,4,,0.0,0.0,Sasha Sato | Jasenka Rakas,Sasha Sato | Jasenka Rakas,,2,True,COURSE_POLICY_EXCLUSION,2025-03-28T12:00:00Z,True,False,False,,True,CIVENG 98/198 group-study activities are excluded consistently across all Version 1.2 terms,True,False,,
S-2252-1-34471,2252,Spring 2025,2024-25,CIVENG 199,34471,1,1,,0.0,0.0,Luis Ceferino Rojas,Luis Ceferino Rojas,,1,True,VARIABLE_UNITS,2025-03-28T12:00:00Z,True,False,False,,False,,False,False,,
S-2252-1-34492,2252,Spring 2025,2024-25,CIVENG 190,34492,1,0,,0.0,0.0,Staff/Unknown,Staff/Unknown,,0,True,COURSE_POLICY_EXCLUSION,2024-10-22T12:00:00Z,True,False,False,,True,CIVENG 190 is a reusable pilot-course number with heterogeneous sections and instructors; exclude all offerings from Version 1 SCH,False,False,,
S-2252-1-34493,2252,Spring 2025,2024-25,CIVENG 199,34493,1,1,,0.0,0.0,Ashok Gadgil,Ashok Gadgil,,1,True,VARIABLE_UNITS,2025-03-28T12:00:00Z,True,False,False,,False,,False,False,,
S-2252-1-34494,2252,Spring 2025,2024-25,CIVENG 199,34494,1,1,,0.0,0.0,Kenichi Soga,Kenichi Soga,,1,True,VARIABLE_UNITS,2025-03-28T12:00:00Z,True,False,False,,False,,False,False,,
S-2252-1-34519,2252,Spring 2025,2024-25,CIVENG 197,34519,1,2,,0.0,0.0,Michael Cassidy,Michael Cassidy,,1,True,VARIABLE_UNITS,2025-03-28T12:00:00Z,True,False,False,,False,,False,False,,
S-2252-1-34560,2252,Spring 2025,2024-25,CIVENG 199,34560,1,1,,0.0,0.0,Tracy Becker,Tracy Becker,,1,True,VARIABLE_UNITS,2025-03-28T12:00:00Z,True,False,False,,False,,False,False,,
S-2252-1-34572,2252,Spring 2025,2024-25,CIVENG 199,34572,1,1,,0.0,0.0,Dimitrios Konstantinidis,Dimitrios Konstantinidis,,1,True,VARIABLE_UNITS,2025-03-28T12:00:00Z,True,False,False,,False,,False,False,,
S-2252-1-34574,2252,Spring 2025,2024-25,CIVENG H194,34574,1,0,,0.0,0.0,Ashok Gadgil,Ashok Gadgil,,1,True,VARIABLE_UNITS,,True,False,False,,False,,False,False,,
S-2252-1-34575,2252,Spring 2025,2024-25,CIVENG H194,34575,1,0,,0.0,0.0,SHAOFAN LI,SHAOFAN LI,,1,True,VARIABLE_UNITS,,True,False,False,,False,,False,False,,
S-2252-1-34576,2252,Spring 2025,2024-25,CIVENG H194,34576,1,0,,0.0,0.0,Luis Ceferino Rojas,Luis Ceferino Rojas,,1,True,VARIABLE_UNITS,,True,False,False,,False,,False,False,,
S-2252-1-34577,2252,Spring 2025,2024-25,CIVENG H194,34577,1,0,,0.0,0.0,Joan Walker,Joan Walker,,1,True,VARIABLE_UNITS,,True,False,False,,False,,False,False,,
S-2252-1-34580,2252,Spring 2025,2024-25,CIVENG 99,34580,1,0,,0.0,0.0,Lisa Alvarez-Cohen,Lisa Alvarez-Cohen,,1,True,VARIABLE_UNITS,,True,False,False,,False,,False,False,,
S-2252-1-34581,2252,Spring 2025,2024-25,CIVENG 99,34581,1,0,,0.0,0.0,David Sedlak,David Sedlak,,1,True,VARIABLE_UNITS,,True,False,False,,False,,False,False,,
S-2252-1-34582,2252,Spring 2025,2024-25,CIVENG 99,34582,1,0,,0.0,0.0,Khalid Mosalam,Khalid Mosalam,,1,True,VARIABLE_UNITS,,True,False,False,,False,,False,False,,
S-2252-1-34658,2252,Spring 2025,2024-25,CIVENG 99,34658,1,0,,0.0,0.0,Michael Cassidy,Michael Cassidy,,1,True,VARIABLE_UNITS,,True,False,False,,False,,False,False,,
S-2252-1-34661,2252,Spring 2025,2024-25,CIVENG H194,34661,1,0,,0.0,0.0,Laurel Larsen,Laurel Larsen,,1,True,VARIABLE_UNITS,,True,False,False,,False,,False,False,,
S-2252-1-34690,2252,Spring 2025,2024-25,CIVENG 99,34690,1,0,,0.0,0.0,SHAOFAN LI,SHAOFAN LI,,1,True,VARIABLE_UNITS,,True,False,False,,False,,False,False,,
S-2252-1-34744,2252,Spring 2025,2024-25,CIVENG H194,34744,1,1,,0.0,0.0,Dimitrios Konstantinidis,Dimitrios Konstantinidis,,1,True,VARIABLE_UNITS,2025-03-28T12:00:00Z,True,False,False,,False,,False,False,,
S-2252-1-34748,2252,Spring 2025,2024-25,ESPM 199,34748,1,0,,0.0,0.0,Allen Goldstein,Allen Goldstein,,1,True,VARIABLE_UNITS,,True,False,False,,False,,False,False,,
S-2252-1-34761,2252,Spring 2025,2024-25,CIVENG H194,34761,1,0,,0.0,0.0,Arpad Horvath,Arpad Horvath,,1,True,VARIABLE_UNITS,,True,False,False,,False,,False,False,,
S-2252-1-34776,2252,Spring 2025,2024-25,CIVENG 199,34776,1,0,,0.0,0.0,Kara Nelson,Kara Nelson,,1,True,VARIABLE_UNITS,2025-03-28T12:00:00Z,True,False,False,,False,,False,False,,
S-2258-1-10900,2258,Fall 2025,2025-26,ESPM 199,10900,1,1,,0.0,0.0,Paolo D'Odorico,Paolo D'Odorico,,1,True,VARIABLE_UNITS,2025-12-20T07:45:14.581Z,False,False,False,,False,,False,False,,
S-2258-1-10921,2258,Fall 2025,2025-26,ESPM 199,10921,1,0,,0.0,0.0,Allen Goldstein,Allen Goldstein,,1,True,VARIABLE_UNITS,2025-12-20T07:45:14.581Z,False,False,False,,False,,False,False,,
S-2258-1-12949,2258,Fall 2025,2025-26,ESPM 195,12949,1,1,,0.0,0.0,Paolo D'Odorico,Paolo D'Odorico,,1,True,VARIABLE_UNITS,2025-12-20T07:45:14.581Z,False,False,False,,False,,False,False,,
S-2258-1-14774,2258,Fall 2025,2025-26,UGIS 192D,14774,1,2,,0.0,0.0,Lisa Alvarez-Cohen,Lisa Alvarez-Cohen,,1,True,VARIABLE_UNITS,2025-12-20T07:45:14.581Z,False,False,False,,False,,False,False,,
S-2258-1-14781,2258,Fall 2025,2025-26,UGIS 192D,14781,1,6,,0.0,0.0,Cesunica Ivey,Cesunica Ivey,,1,True,VARIABLE_UNITS,2025-12-20T07:45:14.581Z,False,False,False,,False,,False,False,,
S-2258-1-14782,2258,Fall 2025,2025-26,UGIS 192D,14782,1,1,,0.0,0.0,Laurel Larsen,Laurel Larsen,,1,True,VARIABLE_UNITS,2025-12-20T07:45:14.581Z,False,False,False,,False,,False,False,,
S-2258-1-14788,2258,Fall 2025,2025-26,UGIS 192D,14788,1,6,,0.0,0.0,Amy Pickering,Amy Pickering,,1,True,VARIABLE_UNITS,2025-12-20T07:45:14.581Z,False,False,False,,False,,False,False,,
S-2258-1-14806,2258,Fall 2025,2025-26,UGIS 192D,14806,1,6,,0.0,0.0,David Sedlak,David Sedlak,,1,True,VARIABLE_UNITS,2025-12-20T07:45:14.581Z,False,False,False,,False,,False,False,,
S-2258-1-15118,2258,Fall 2025,2025-26,CIVENG 99,15118,1,1,,0.0,0.0,Khalid Mosalam,Khalid Mosalam,,1,True,VARIABLE_UNITS,2025-12-20T07:45:14.581Z,False,False,False,,False,,False,False,,
S-2258-1-15196,2258,Fall 2025,2025-26,ENGIN 194,15196,1,6,3.0,18.0,18.0,Scott Moura,Scott Moura,,1,False,,2025-12-20T07:45:14.581Z,False,False,False,,False,,False,False,,
S-2258-1-15373,2258,Fall 2025,2025-26,GEOG 199,15373,1,0,,0.0,0.0,Laurel Larsen,Laurel Larsen,,1,True,VARIABLE_UNITS,2025-12-20T07:45:14.581Z,False,False,False,,False,,False,False,,
S-2258-1-15638,2258,Fall 2025,2025-26,EPS 199,15638,1,0,,0.0,0.0,James Rector III,James Rector III,,1,True,VARIABLE_UNITS,2025-12-20T07:45:14.581Z,False,False,False,,False,,False,False,,
S-2258-1-16476,2258,Fall 2025,2025-26,CIVENG H194,16476,1,1,,0.0,0.0,Mohamad Mahdi Hallal,Mohamad Mahdi Hallal,,1,True,VARIABLE_UNITS,2025-12-20T07:45:14.581Z,False,False,False,,False,,False,False,,
S-2258-1-16579,2258,Fall 2025,2025-26,CIVENG 199,16579,1,2,,0.0,0.0,Ashok Gadgil,Ashok Gadgil,,1,True,VARIABLE_UNITS,2025-12-20T07:45:14.581Z,False,False,False,,False,,False,False,,
S-2258-1-17089,2258,Fall 2025,2025-26,GEOG H195A,17089,1,0,,0.0,0.0,Laurel Larsen,Laurel Larsen,,1,True,VARIABLE_UNITS,2025-12-20T07:45:14.581Z,False,False,False,,False,,False,False,,
S-2258-1-17666,2258,Fall 2025,2025-26,CYPLAN 197,17666,1,0,,0.0,0.0,Marta Gonzalez,Marta Gonzalez,,1,True,VARIABLE_UNITS,2025-12-20T07:45:14.581Z,False,False,False,,False,,False,False,,
S-2258-1-18321,2258,Fall 2025,2025-26,CYPLAN 199,18321,1,0,,0.0,0.0,Marta Gonzalez,Marta Gonzalez,,1,True,VARIABLE_UNITS,2025-12-20T07:45:14.581Z,False,False,False,,False,,False,False,,
S-2258-1-18484,2258,Fall 2025,2025-26,ESPM 175L,18484,1,0,1.0,0.0,0.0,Allen Goldstein,Allen Goldstein,,1,False,,2025-12-20T07:45:14.581Z,False,False,False,,False,,False,False,,
S-2258-1-19139,2258,Fall 2025,2025-26,CIVENG 197,19139,1,1,,0.0,0.0,Scott Moura,Scott Moura,,1,True,VARIABLE_UNITS,2025-12-20T07:45:14.581Z,False,False,False,,False,,False,False,,
S-2258-1-19140,2258,Fall 2025,2025-26,CIVENG 197,19140,1,1,,0.0,0.0,Tracy Becker,Tracy Becker,,1,True,VARIABLE_UNITS,2025-12-20T07:45:14.581Z,False,False,False,,False,,False,False,,
X-2258-17174-20681,2258,Fall 2025,2025-26,ARCH 198,20681,1,8,,0.0,0.0,Stefano Schiavon,Stefano Schiavon,,1,True,VARIABLE_UNITS,2025-12-20T07:45:14.581Z,False,False,False,,False,,False,False,,
X-2258-21445-29947,2258,Fall 2025,2025-26,CIVENG C178 | EPS C178,21445 | 29947,2,0,3.0,0.0,0.0,Staff/Unknown,Staff/Unknown,,0,True,UNRESOLVED_INSTRUCTOR,2025-12-20T07:45:14.581Z,False,True,False,,False,,False,False,,
S-2258-1-21572,2258,Fall 2025,2025-26,GPP 105,21572,1,15,4.0,60.0,60.0,Khalid Kadir,Khalid Kadir,,1,False,,2025-12-20T07:45:14.581Z,False,False,False,,False,,False,False,,
X-2258-25290-28631-29871,2258,Fall 2025,2025-26,CIVENG C103N | ESPM C130 | GEOG C136,25290 | 28631 | 29871,3,99,4.0,396.0,396.0,Cynthia Gerlein-Safdi,Cynthia Gerlein-Safdi,,1,False,,2025-12-20T07:45:14.581Z,False,False,False,,False,,False,False,,
X-2258-28584-29673,2258,Fall 2025,2025-26,CIVENG C172 | ESPM C172,28584 | 29673,2,35,4.0,140.0,0.0,Manuela Girotto,Manuela Girotto,,1,True,NO_CEE_AFFILIATED_INSTRUCTOR,2025-12-20T07:45:14.581Z,False,False,False,,False,,False,False,,
X-2258-28867-28903,2258,Fall 2025,2025-26,CIVENG 198 | CIVENG 98,28867 | 28903,2,65,,0.0,0.0,Franco Zunino,Franco Zunino,,1,True,COURSE_POLICY_EXCLUSION,2025-12-20T07:45:14.581Z,False,False,False,,True,CIVENG 98/198 group-study activities are excluded consistently across all Version 1.2 terms,True,False,,
S-2258-1-28868,2258,Fall 2025,2025-26,CIVENG 100,28868,1,150,4.0,600.0,600.0,Evan Variano,Evan Variano,,1,False,,2025-12-20T07:45:14.581Z,False,False,False,,False,,False,False,,
S-2258-1-28872,2258,Fall 2025,2025-26,CIVENG 60,28872,1,90,3.0,270.0,270.0,SHAOFAN LI,SHAOFAN LI,,1,False,,2025-12-20T07:45:14.581Z,False,False,False,,False,,False,False,,
S-2258-1-28879,2258,Fall 2025,2025-26,CIVENG 70,28879,1,100,3.0,300.0,300.0,Dimitrios Zekkos | Francisco Saldana,Dimitrios Zekkos,Francisco Saldana,1,False,,2025-12-20T07:45:14.581Z,False,False,False,,False,,False,False,,
S-2258-1-28890,2258,Fall 2025,2025-26,CIVENG 111,28890,1,150,3.0,450.0,450.0,Baoxia Mi,Baoxia Mi,,1,False,,2025-12-20T07:45:14.581Z,False,False,False,,False,,False,False,,
X-2258-28893-29159,2258,Fall 2025,2025-26,CIVENG C30 | MECENG C85,28893 | 29159,2,275,3.0,825.0,0.0,Grace Gu,Grace Gu,,1,True,NO_CEE_AFFILIATED_INSTRUCTOR,2025-12-20T07:45:14.581Z,False,False,False,,False,,False,False,,
X-2258-28894-29152,2258,Fall 2025,2025-26,CIVENG C30 | MECENG C85,28894 | 29152,2,122,3.0,366.0,366.0,Francisco Armero,Francisco Armero,,1,False,,2025-12-20T07:45:14.581Z,False,False,False,,False,,False,False,,
S-2258-1-28907,2258,Fall 2025,2025-26,CIVENG 115,28907,1,45,3.0,135.0,135.0,David Sedlak,David Sedlak,,1,False,,2025-12-20T07:45:14.581Z,False,False,False,,False,,False,False,,
S-2258-1-29115,2258,Fall 2025,2025-26,ENGIN 7,29115,1,432,4.0,1728.0,1728.0,Mohamad Mahdi Hallal,Mohamad Mahdi Hallal,,1,False,,2025-12-20T07:45:14.581Z,False,False,False,,False,,False,False,,
S-2258-1-29215,2258,Fall 2025,2025-26,CIVENG 124,29215,1,56,3.0,168.0,168.0,Gary Mochizuki,Gary Mochizuki,,1,False,,2025-12-20T07:45:14.581Z,False,False,False,,False,,False,False,,
X-2258-17155-29294,2258,Fall 2025,2025-26,ENGIN 93,29294,1,78,1.0,78.0,78.0,Scott Moura,Scott Moura,,1,False,,2025-12-20T07:45:14.581Z,False,False,False,,False,,False,False,,
X-2258-29335-29336,2258,Fall 2025,2025-26,CIVENG 198 | CIVENG 98,29335 | 29336,2,93,,0.0,0.0,Iris Tommelein | Diego Balino Martinez,Iris Tommelein | Diego Balino Martinez,,2,True,COURSE_POLICY_EXCLUSION,2025-12-20T07:45:14.581Z,False,False,False,,True,CIVENG 98/198 group-study activities are excluded consistently across all Version 1.2 terms,True,False,,
X-2258-29337-29338,2258,Fall 2025,2025-26,CIVENG 198 | CIVENG 98,29337 | 29338,2,36,,0.0,0.0,Evan Variano | Eungyeom Kim,Evan Variano | Eungyeom Kim,,2,True,COURSE_POLICY_EXCLUSION,2025-12-20T07:45:14.581Z,False,False,False,,True,CIVENG 98/198 group-study activities are excluded consistently across all Version 1.2 terms,True,False,,
X-2258-29339-29340,2258,Fall 2025,2025-26,CIVENG 198 | CIVENG 98,29339 | 29340,2,19,,0.0,0.0,Michael Riemer,Michael Riemer,,1,True,COURSE_POLICY_EXCLUSION,2025-12-20T07:45:14.581Z,False,False,False,,True,CIVENG 98/198 group-study activities are excluded consistently across all Version 1.2 terms,True,False,,
X-2258-29341-29342,2258,Fall 2025,2025-26,CIVENG 198 | CIVENG 98,29341 | 29342,2,54,,0.0,0.0,Luis Ceferino Rojas,Luis Ceferino Rojas,,1,True,COURSE_POLICY_EXCLUSION,2025-12-20T07:45:14.581Z,False,False,False,,True,CIVENG 98/198 group-study activities are excluded consistently across all Version 1.2 terms,True,False,,
X-2258-29343-29344,2258,Fall 2025,2025-26,CIVENG 198 | CIVENG 98,29343 | 29344,2,58,,0.0,0.0,Eyitayo Opabola,Eyitayo Opabola,,1,True,COURSE_POLICY_EXCLUSION,2025-12-20T07:45:14.581Z,False,False,False,,True,CIVENG 98/198 group-study activities are excluded consistently across all Version 1.2 terms,True,False,,
X-2258-29345-29349,2258,Fall 2025,2025-26,CIVENG 198 | CIVENG 98,29345 | 29349,2,40,,0.0,0.0,Baoxia Mi | Ariana Olvera Torres,Baoxia Mi | Ariana Olvera Torres,,2,True,COURSE_POLICY_EXCLUSION,2025-12-20T07:45:14.581Z,False,False,False,,True,CIVENG 98/198 group-study activities are excluded consistently across all Version 1.2 terms,True,False,,
S-2258-1-29534,2258,Fall 2025,2025-26,CIVENG 126,29534,1,24,3.0,72.0,72.0,Dimitrios Konstantinidis,Dimitrios Konstantinidis,,1,False,,2025-12-20T07:45:14.581Z,False,False,False,,False,,False,False,,
X-2258-29549-29550,2258,Fall 2025,2025-26,CIVENG 198 | CIVENG 98,29549 | 29550,2,36,,0.0,0.0,Luis Ceferino Rojas,Luis Ceferino Rojas,,1,True,COURSE_POLICY_EXCLUSION,2025-12-20T07:45:14.581Z,False,False,False,,True,CIVENG 98/198 group-study activities are excluded consistently across all Version 1.2 terms,True,False,,
S-2258-1-29585,2258,Fall 2025,2025-26,CIVENG 167,29585,1,132,3.0,396.0,396.0,Iris Tommelein | John Kim,Iris Tommelein,John Kim,1,False,,2025-12-20T07:45:14.581Z,False,False,False,,False,,False,False,,
X-2258-28561-29683,2258,Fall 2025,2025-26,CIVENG C116,29683,1,0,3.0,0.0,0.0,Staff/Unknown,Staff/Unknown,,0,True,UNRESOLVED_INSTRUCTOR,2025-12-20T07:45:14.581Z,False,True,False,,False,,False,False,,
X-2258-29693-30460,2258,Fall 2025,2025-26,CIVENG 170A,29693,1,22,3.0,66.0,66.0,Kenichi Soga | Dimitrios Zekkos,Kenichi Soga | Dimitrios Zekkos,,2,False,,2025-12-20T07:45:14.581Z,False,False,False,,False,,False,False,,
S-2258-1-29694,2258,Fall 2025,2025-26,CIVENG 122,29694,1,41,3.0,123.0,123.0,Tracy Becker,Tracy Becker,,1,False,,2025-12-20T07:45:14.581Z,False,False,False,,False,,False,False,,
S-2258-1-29706,2258,Fall 2025,2025-26,CIVENG 111L,29706,1,10,1.0,10.0,10.0,Baoxia Mi,Baoxia Mi,,1,False,,2025-12-20T07:45:14.581Z,False,False,False,,False,,False,False,,
S-2258-1-29709,2258,Fall 2025,2025-26,CIVENG 155,29709,1,43,3.0,129.0,129.0,Maria Laura Delle Monache,Maria Laura Delle Monache,,1,False,,2025-12-20T07:45:14.581Z,False,False,False,,False,,False,False,,
S-2258-1-29770,2258,Fall 2025,2025-26,CIVENG 11,29770,1,84,3.0,252.0,252.0,Arpad Horvath,Arpad Horvath,,1,False,,2025-12-20T07:45:14.581Z,False,False,False,,False,,False,False,,
S-2258-1-29896,2258,Fall 2025,2025-26,CIVENG 112,29896,1,65,3.0,195.0,0.0,Maksymilian Jasiak,Staff/Unknown,Maksymilian Jasiak,0,True,UNRESOLVED_INSTRUCTOR,2025-12-20T07:45:14.581Z,False,True,False,,False,,False,False,,
S-2258-1-30078,2258,Fall 2025,2025-26,CIVENG 193,30078,1,27,3.0,81.0,81.0,Ziqi Wang,Ziqi Wang,,1,False,,2025-12-20T07:45:14.581Z,False,False,False,,False,,False,False,,
X-2258-30244-30246,2258,Fall 2025,2025-26,CIVENG 198 | CIVENG 98,30244 | 30246,2,59,,0.0,0.0,Michael Cassidy,Michael Cassidy,,1,True,COURSE_POLICY_EXCLUSION,2025-12-20T07:45:14.581Z,False,False,False,,True,CIVENG 98/198 group-study activities are excluded consistently across all Version 1.2 terms,True,False,,
S-2258-1-30245,2258,Fall 2025,2025-26,CIVENG 98,30245,1,9,,0.0,0.0,Calton Kong | Francisco Armero,Calton Kong | Francisco Armero,,2,True,COURSE_POLICY_EXCLUSION,2025-12-20T07:45:14.581Z,False,False,False,,True,CIVENG 98/198 group-study activities are excluded consistently across all Version 1.2 terms,True,False,,
X-2258-30401-34014,2258,Fall 2025,2025-26,CIVENG 190,30401,1,3,,0.0,0.0,Franco Zunino,Franco Zunino,,1,True,COURSE_POLICY_EXCLUSION,2025-12-20T07:45:14.581Z,False,False,False,,True,CIVENG 190 is a reusable pilot-course number with heterogeneous sections and instructors; exclude all offerings from Version 1 SCH,False,False,,
S-2258-1-30414,2258,Fall 2025,2025-26,CIVENG 93,30414,1,100,3.0,300.0,300.0,Mohamad Mahdi Hallal,Mohamad Mahdi Hallal,,1,False,,2025-12-20T07:45:14.581Z,False,False,False,,False,,False,False,,
S-2258-1-31584,2258,Fall 2025,2025-26,POLECON 159,31584,1,36,4.0,144.0,144.0,Khalid Kadir,Khalid Kadir,,1,False,,2025-12-20T07:45:14.581Z,False,False,False,,False,,False,False,,
S-2258-1-32828,2258,Fall 2025,2025-26,CIVENG 176,32828,1,0,3.0,0.0,0.0,Staff/Unknown,Staff/Unknown,,0,True,UNRESOLVED_INSTRUCTOR,2025-12-20T07:45:14.581Z,False,True,False,,False,,False,False,,
S-2258-1-33166,2258,Fall 2025,2025-26,CIVENG 24,33166,1,15,1.0,15.0,15.0,Evan Variano,Evan Variano,,1,False,,2025-12-20T07:45:14.581Z,False,False,False,,False,,False,False,,
S-2258-1-33169,2258,Fall 2025,2025-26,CIVENG 187,33169,1,11,3.0,33.0,0.0,Gora Datta,Gora Datta,,1,True,NO_CEE_AFFILIATED_INSTRUCTOR,2025-12-20T07:45:14.581Z,False,False,False,,False,,False,False,,
S-2258-1-33171,2258,Fall 2025,2025-26,CIVENG 187,33171,1,68,3.0,204.0,0.0,Gora Datta,Gora Datta,,1,True,NO_CEE_AFFILIATED_INSTRUCTOR,2025-12-20T07:45:14.581Z,False,False,False,,False,,False,False,,
S-2258-1-33185,2258,Fall 2025,2025-26,GPP 196,33185,1,16,3.0,48.0,48.0,Khalid Kadir,Khalid Kadir,,1,False,,2025-12-20T07:45:14.581Z,False,False,False,,False,,False,False,,
S-2258-1-33362,2258,Fall 2025,2025-26,CIVENG 190,33362,1,0,,0.0,0.0,Staff/Unknown,Staff/Unknown,,0,True,COURSE_POLICY_EXCLUSION,2025-12-20T07:45:14.581Z,False,False,False,,True,CIVENG 190 is a reusable pilot-course number with heterogeneous sections and instructors; exclude all offerings from Version 1 SCH,False,False,,
S-2258-1-33366,2258,Fall 2025,2025-26,CIVENG 108,33366,1,83,3.0,249.0,249.0,Robert Harley,Robert Harley,,1,False,,2025-12-20T07:45:14.581Z,False,False,False,,False,,False,False,,
S-2258-1-33805,2258,Fall 2025,2025-26,CIVENG 173,33805,1,32,3.0,96.0,96.0,Nicholas Sitar,Nicholas Sitar,,1,False,,2025-12-20T07:45:14.581Z,False,False,False,,False,,False,False,,
S-2258-1-34051,2258,Fall 2025,2025-26,CIVENG H194,34051,1,1,,0.0,0.0,David Sedlak,David Sedlak,,1,True,VARIABLE_UNITS,2025-12-20T07:45:14.581Z,False,False,False,,False,,False,False,,
S-2258-1-34409,2258,Fall 2025,2025-26,CIVENG H194,34409,1,1,,0.0,0.0,Susan Shaheen,Susan Shaheen,,1,True,VARIABLE_UNITS,2025-12-20T07:45:14.581Z,False,False,False,,False,,False,False,,
S-2258-1-34434,2258,Fall 2025,2025-26,CIVENG 98,34434,1,10,,0.0,0.0,Francisco Armero | Calton Kong,Francisco Armero | Calton Kong,,2,True,COURSE_POLICY_EXCLUSION,2025-12-20T07:45:14.581Z,False,False,False,,True,CIVENG 98/198 group-study activities are excluded consistently across all Version 1.2 terms,True,False,,
S-2258-1-34514,2258,Fall 2025,2025-26,CIVENG 199,34514,1,2,,0.0,0.0,David Sedlak,David Sedlak,,1,True,VARIABLE_UNITS,2025-12-20T07:45:14.581Z,False,False,False,,False,,False,False,,
S-2258-1-34546,2258,Fall 2025,2025-26,CIVENG 199,34546,1,0,,0.0,0.0,Iris Tommelein,Iris Tommelein,,1,True,VARIABLE_UNITS,2025-12-20T07:45:14.581Z,False,False,False,,False,,False,False,,
S-2258-1-34606,2258,Fall 2025,2025-26,CIVENG 199,34606,1,2,,0.0,0.0,Jasenka Rakas,Jasenka Rakas,,1,True,VARIABLE_UNITS,2025-12-20T07:45:14.581Z,False,False,False,,False,,False,False,,
S-2258-1-34629,2258,Fall 2025,2025-26,CIVENG 199,34629,1,2,,0.0,0.0,Cesunica Ivey,Cesunica Ivey,,1,True,VARIABLE_UNITS,2025-12-20T07:45:14.581Z,False,False,False,,False,,False,False,,
S-2258-1-34631,2258,Fall 2025,2025-26,CIVENG 199,34631,1,1,,0.0,0.0,Maria Laura Delle Monache,Maria Laura Delle Monache,,1,True,VARIABLE_UNITS,2025-12-20T07:45:14.581Z,False,False,False,,False,,False,False,,
S-2258-1-34632,2258,Fall 2025,2025-26,CIVENG 99,34632,1,0,,0.0,0.0,Baoxia Mi,Baoxia Mi,,1,True,VARIABLE_UNITS,2025-12-20T07:45:14.581Z,False,False,False,,False,,False,False,,
S-2258-1-34660,2258,Fall 2025,2025-26,CIVENG 199,34660,1,1,,0.0,0.0,Cynthia Gerlein-Safdi,Cynthia Gerlein-Safdi,,1,True,VARIABLE_UNITS,2025-12-20T07:45:14.581Z,False,False,False,,False,,False,False,,
S-2258-1-34662,2258,Fall 2025,2025-26,CIVENG 99,34662,1,1,,0.0,0.0,Michael Cassidy,Michael Cassidy,,1,True,VARIABLE_UNITS,2025-12-20T07:45:14.581Z,False,False,False,,False,,False,False,,
S-2258-1-34698,2258,Fall 2025,2025-26,CIVENG 197,34698,1,1,,0.0,0.0,Robert Harley,Robert Harley,,1,True,VARIABLE_UNITS,2025-12-20T07:45:14.581Z,False,False,False,,False,,False,False,,
S-2262-1-11812,2262,Spring 2026,2025-26,ESPM 199,11812,1,0,,0.0,0.0,Allen Goldstein,Allen Goldstein,,1,True,VARIABLE_UNITS,2026-05-16T06:41:46.754Z,False,False,False,,False,,False,False,,
S-2262-1-13739,2262,Spring 2026,2025-26,UGIS 192E,13739,1,4,,0.0,0.0,Stefano Schiavon,Stefano Schiavon,,1,True,VARIABLE_UNITS,2026-05-16T06:41:46.754Z,False,False,False,,False,,False,False,,
S-2262-1-15477,2262,Spring 2026,2025-26,UGIS 192D,15477,1,3,,0.0,0.0,Lisa Alvarez-Cohen,Lisa Alvarez-Cohen,,1,True,VARIABLE_UNITS,2026-05-16T06:41:46.754Z,False,False,False,,False,,False,False,,
S-2262-1-15487,2262,Spring 2026,2025-26,UGIS 192D,15487,1,2,,0.0,0.0,Laurel Larsen,Laurel Larsen,,1,True,VARIABLE_UNITS,2026-05-16T06:41:46.754Z,False,False,False,,False,,False,False,,
S-2262-1-15494,2262,Spring 2026,2025-26,UGIS 192D,15494,1,11,,0.0,0.0,Amy Pickering,Amy Pickering,,1,True,VARIABLE_UNITS,2026-05-16T06:41:46.754Z,False,False,False,,False,,False,False,,
S-2262-1-15499,2262,Spring 2026,2025-26,UGIS 192D,15499,1,6,,0.0,0.0,David Sedlak,David Sedlak,,1,True,VARIABLE_UNITS,2026-05-16T06:41:46.754Z,False,False,False,,False,,False,False,,
S-2262-1-15506,2262,Spring 2026,2025-26,UGIS 192D,15506,1,8,,0.0,0.0,Cesunica Ivey,Cesunica Ivey,,1,True,VARIABLE_UNITS,2026-05-16T06:41:46.754Z,False,False,False,,False,,False,False,,
S-2262-1-15862,2262,Spring 2026,2025-26,CIVENG 99,15862,1,1,,0.0,0.0,Ashok Gadgil,Ashok Gadgil,,1,True,VARIABLE_UNITS,2026-05-16T06:41:46.754Z,False,False,False,,False,,False,False,,
X-2262-15882-34509,2262,Spring 2026,2025-26,CIVENG 153 | CYPLAN 190,15882 | 34509,2,51,3.0,153.0,153.0,Marta Gonzalez,Marta Gonzalez,,1,False,,2026-05-16T06:41:46.754Z,False,False,True,CIVENG 153 and room-shared CYPLAN 190 section 002 are both fixed at 3 units; CYPLAN section-level VUOC conflicts with its fixed allowedUnits,False,,False,False,,
S-2262-1-15935,2262,Spring 2026,2025-26,ENGIN 194,15935,1,3,3.0,9.0,9.0,Scott Moura,Scott Moura,,1,False,,2026-05-16T06:41:46.754Z,False,False,False,,False,,False,False,,
S-2262-1-16087,2262,Spring 2026,2025-26,GEOG 199,16087,1,0,,0.0,0.0,Laurel Larsen,Laurel Larsen,,1,True,VARIABLE_UNITS,2026-05-16T06:41:46.754Z,False,False,False,,False,,False,False,,
S-2262-1-16416,2262,Spring 2026,2025-26,GEOG H195B,16416,1,0,,0.0,0.0,Laurel Larsen,Laurel Larsen,,1,True,VARIABLE_UNITS,2026-05-16T06:41:46.754Z,False,False,False,,False,,False,False,,
S-2262-1-17161,2262,Spring 2026,2025-26,CIVENG H194,17161,1,2,,0.0,0.0,Jasenka Rakas,Jasenka Rakas,,1,True,VARIABLE_UNITS,2026-05-16T06:41:46.754Z,False,False,False,,False,,False,False,,
S-2262-1-17274,2262,Spring 2026,2025-26,CIVENG 199,17274,1,2,,0.0,0.0,Khalid Mosalam,Khalid Mosalam,,1,True,VARIABLE_UNITS,2026-05-16T06:41:46.754Z,False,False,False,,False,,False,False,,
S-2262-1-18220,2262,Spring 2026,2025-26,CYPLAN 197,18220,1,0,,0.0,0.0,Marta Gonzalez,Marta Gonzalez,,1,True,VARIABLE_UNITS,2026-05-16T06:41:46.754Z,False,False,False,,False,,False,False,,
S-2262-1-18893,2262,Spring 2026,2025-26,CYPLAN 199,18893,1,0,,0.0,0.0,Marta Gonzalez,Marta Gonzalez,,1,True,VARIABLE_UNITS,2026-05-16T06:41:46.754Z,False,False,False,,False,,False,False,,
S-2262-1-19725,2262,Spring 2026,2025-26,CIVENG 197,19725,1,1,,0.0,0.0,Robert Harley,Robert Harley,,1,True,VARIABLE_UNITS,2026-05-16T06:41:46.754Z,False,False,False,,False,,False,False,,
S-2262-1-19858,2262,Spring 2026,2025-26,GPP 196,19858,1,16,3.0,48.0,48.0,Khalid Kadir,Khalid Kadir,,1,False,,2026-05-16T06:41:46.754Z,False,False,False,,False,,False,False,,
S-2262-1-21249,2262,Spring 2026,2025-26,ARCH 140,21249,1,155,4.0,620.0,620.0,Stefano Schiavon,Stefano Schiavon,,1,False,,2026-05-16T06:41:46.754Z,False,False,False,,False,,False,False,,
X-2262-21321-32662,2262,Spring 2026,2025-26,CIVENG C88 | CYPLAN C88,21321 | 32662,2,0,2.0,0.0,0.0,Staff/Unknown,Staff/Unknown,,0,True,UNRESOLVED_INSTRUCTOR,2026-05-16T06:41:46.754Z,False,True,False,,False,,False,False,,
X-2262-24214-28448-32129,2262,Spring 2026,2025-26,CIVENG C106 | EPS C180 | ESPM C180,24214 | 28448 | 32129,3,77,3.0,231.0,231.0,Allen Goldstein,Allen Goldstein,,1,False,,2026-05-16T06:41:46.754Z,False,False,False,,False,,False,False,,
S-2262-1-26863,2262,Spring 2026,2025-26,POLECON 101,26863,1,155,4.0,620.0,620.0,Khalid Kadir,Khalid Kadir,,1,False,,2026-05-16T06:41:46.754Z,False,False,False,,False,,False,False,,
X-2262-28836-34750,2262,Spring 2026,2025-26,ESPM 130A,28836,1,15,4.0,60.0,60.0,Paolo D'Odorico,Paolo D'Odorico,,1,False,,2026-05-16T06:41:46.754Z,False,False,False,,False,,False,False,,
S-2262-1-29121,2262,Spring 2026,2025-26,CIVENG 11,29121,1,140,3.0,420.0,420.0,Robert Harley,Robert Harley,,1,False,,2026-05-16T06:41:46.754Z,False,False,False,,False,,False,False,,
X-2262-29122-29537,2262,Spring 2026,2025-26,CIVENG C30 | MECENG C85,29122 | 29537,2,75,,0.0,0.0,Panayiotis Papadopoulos,Panayiotis Papadopoulos,,1,True,VARIABLE_UNITS,2026-05-16T06:41:46.754Z,False,True,False,,False,,False,False,,
X-2262-29123-29578,2262,Spring 2026,2025-26,CIVENG C30 | MECENG C85,29123 | 29578,2,155,3.0,465.0,465.0,SHAOFAN LI,SHAOFAN LI,,1,False,,2026-05-16T06:41:46.754Z,False,False,False,,False,,False,False,,
S-2262-1-29128,2262,Spring 2026,2025-26,CIVENG 60,29128,1,97,3.0,291.0,291.0,Franco Zunino,Franco Zunino,,1,False,,2026-05-16T06:41:46.754Z,False,False,False,,False,,False,False,,
S-2262-1-29130,2262,Spring 2026,2025-26,CIVENG 93,29130,1,102,3.0,306.0,306.0,Mark Hansen,Mark Hansen,,1,False,,2026-05-16T06:41:46.754Z,False,False,False,,False,,False,False,,
X-2262-29131-29134,2262,Spring 2026,2025-26,CIVENG 198 | CIVENG 98,29131 | 29134,2,63,,0.0,0.0,Staff/Unknown,Staff/Unknown,,0,True,COURSE_POLICY_EXCLUSION,2026-05-16T06:41:46.754Z,False,False,False,,True,CIVENG 98/198 group-study activities are excluded consistently across all Version 1.2 terms,True,False,,
S-2262-1-29132,2262,Spring 2026,2025-26,CIVENG 120,29132,1,90,3.0,270.0,270.0,Luis Ceferino Rojas,Luis Ceferino Rojas,,1,False,,2026-05-16T06:41:46.754Z,False,False,False,,False,,False,False,,
S-2262-1-29240,2262,Spring 2026,2025-26,CIVENG 180,29240,1,34,4.0,136.0,136.0,Stanislaus Tuholski | Hung Nguyen | John Kim,Stanislaus Tuholski,Hung Nguyen | John Kim,1,False,,2026-05-16T06:41:46.754Z,False,False,False,,False,,False,False,,
S-2262-1-29328,2262,Spring 2026,2025-26,CIVENG 132,29328,1,20,3.0,60.0,60.0,Francisco Armero,Francisco Armero,,1,False,,2026-05-16T06:41:46.754Z,False,False,False,,False,,False,False,,
S-2262-1-29454,2262,Spring 2026,2025-26,CIVENG 123,29454,1,39,3.0,117.0,117.0,Khalid Mosalam,Khalid Mosalam,,1,False,,2026-05-16T06:41:46.754Z,False,False,False,,False,,False,False,,
X-2262-29460-29563,2262,Spring 2026,2025-26,CIVENG C133 | MECENG C180,29460 | 29563,2,64,3.0,192.0,0.0,Shawn Shadden,Shawn Shadden,,1,True,NO_CEE_AFFILIATED_INSTRUCTOR,2026-05-16T06:41:46.754Z,False,False,False,,False,,False,False,,
S-2262-1-29467,2262,Spring 2026,2025-26,CIVENG 175,29467,1,97,3.0,291.0,291.0,Jonathan Bray,Jonathan Bray,,1,False,,2026-05-16T06:41:46.754Z,False,False,False,,False,,False,False,,
S-2262-1-29479,2262,Spring 2026,2025-26,CIVENG 110,29479,1,54,3.0,162.0,162.0,Kara Nelson | Jennifer Stokes-Draut,Kara Nelson | Jennifer Stokes-Draut,,2,False,,2026-05-16T06:41:46.754Z,False,False,False,,False,,False,False,,
S-2262-1-29519,2262,Spring 2026,2025-26,CIVENG 107,29519,1,56,3.0,168.0,168.0,Joshua Apte,Joshua Apte,,1,False,,2026-05-16T06:41:46.754Z,False,False,False,,False,,False,False,,
S-2262-1-29521,2262,Spring 2026,2025-26,CIVENG 166,29521,1,75,3.0,225.0,225.0,Manar Shami,Manar Shami,,1,False,,2026-05-16T06:41:46.754Z,False,False,False,,False,,False,False,,
S-2262-1-29826,2262,Spring 2026,2025-26,CIVENG 105,29826,1,19,3.0,57.0,57.0,Fotini Chow,Fotini Chow,,1,False,,2026-05-16T06:41:46.754Z,False,False,False,,False,,False,False,,
S-2262-1-29850,2262,Spring 2026,2025-26,CIVENG 186,29850,1,51,3.0,153.0,153.0,Scott Moura,Scott Moura,,1,False,,2026-05-16T06:41:46.754Z,False,False,False,,False,,False,False,,
X-2262-29888-29913,2262,Spring 2026,2025-26,CIVENG 198 | CIVENG 98,29888 | 29913,2,71,,0.0,0.0,Staff/Unknown,Staff/Unknown,,0,True,COURSE_POLICY_EXCLUSION,2026-05-16T06:41:46.754Z,False,False,False,,True,CIVENG 98/198 group-study activities are excluded consistently across all Version 1.2 terms,True,False,,
X-2262-29907-29914,2262,Spring 2026,2025-26,CIVENG 198 | CIVENG 98,29907 | 29914,2,28,,0.0,0.0,Evan Variano,Evan Variano,,1,True,COURSE_POLICY_EXCLUSION,2026-05-16T06:41:46.754Z,False,False,False,,True,CIVENG 98/198 group-study activities are excluded consistently across all Version 1.2 terms,True,False,,
X-2262-29908-29915,2262,Spring 2026,2025-26,CIVENG 198 | CIVENG 98,29908 | 29915,2,19,,0.0,0.0,Staff/Unknown,Staff/Unknown,,0,True,COURSE_POLICY_EXCLUSION,2026-05-16T06:41:46.754Z,False,False,False,,True,CIVENG 98/198 group-study activities are excluded consistently across all Version 1.2 terms,True,False,,
X-2262-29909-29916,2262,Spring 2026,2025-26,CIVENG 198 | CIVENG 98,29909 | 29916,2,58,,0.0,0.0,Staff/Unknown,Staff/Unknown,,0,True,COURSE_POLICY_EXCLUSION,2026-05-16T06:41:46.754Z,False,False,False,,True,CIVENG 98/198 group-study activities are excluded consistently across all Version 1.2 terms,True,False,,
X-2262-29910-29917,2262,Spring 2026,2025-26,CIVENG 198 | CIVENG 98,29910 | 29917,2,63,,0.0,0.0,Staff/Unknown,Staff/Unknown,,0,True,COURSE_POLICY_EXCLUSION,2026-05-16T06:41:46.754Z,False,False,False,,True,CIVENG 98/198 group-study activities are excluded consistently across all Version 1.2 terms,True,False,,
X-2262-29911-29918,2262,Spring 2026,2025-26,CIVENG 198 | CIVENG 98,29911 | 29918,2,23,,0.0,0.0,Staff/Unknown,Staff/Unknown,,0,True,COURSE_POLICY_EXCLUSION,2026-05-16T06:41:46.754Z,False,False,False,,True,CIVENG 98/198 group-study activities are excluded consistently across all Version 1.2 terms,True,False,,
X-2262-29912-29919,2262,Spring 2026,2025-26,CIVENG 198 | CIVENG 98,29912 | 29919,2,34,,0.0,0.0,Staff/Unknown,Staff/Unknown,,0,True,COURSE_POLICY_EXCLUSION,2026-05-16T06:41:46.754Z,False,False,False,,True,CIVENG 98/198 group-study activities are excluded consistently across all Version 1.2 terms,True,False,,
X-2262-29920-30109,2262,Spring 2026,2025-26,CIVENG 198 | CIVENG 98,29920 | 30109,2,49,,0.0,0.0,Staff/Unknown,Staff/Unknown,,0,True,COURSE_POLICY_EXCLUSION,2026-05-16T06:41:46.754Z,False,False,False,,True,CIVENG 98/198 group-study activities are excluded consistently across all Version 1.2 terms,True,False,,
S-2262-1-29921,2262,Spring 2026,2025-26,CIVENG 98,29921,1,11,,0.0,0.0,Calton Kong,Calton Kong,,1,True,COURSE_POLICY_EXCLUSION,2026-05-16T06:41:46.754Z,False,False,False,,True,CIVENG 98/198 group-study activities are excluded consistently across all Version 1.2 terms,True,False,,
X-2262-29974-29977-30046-30047,2262,Spring 2026,2025-26,AEROENG C184 | CIVENG C138 | MECENG C184,29974 | 29977 | 30047,3,18,3.0,54.0,0.0,Nhan Nguyen,Nhan Nguyen,,1,True,NO_CEE_AFFILIATED_INSTRUCTOR,2026-05-16T06:41:46.754Z,False,False,False,,False,,False,False,,
S-2262-1-30110,2262,Spring 2026,2025-26,CIVENG 198,30110,1,28,,0.0,0.0,Staff/Unknown,Staff/Unknown,,0,True,COURSE_POLICY_EXCLUSION,2026-05-16T06:41:46.754Z,False,False,False,,True,CIVENG 98/198 group-study activities are excluded consistently across all Version 1.2 terms,True,False,,
S-2262-1-32127,2262,Spring 2026,2025-26,CIVENG 92B,32127,1,17,2.0,34.0,34.0,Matthew De Jong,Matthew De Jong,,1,False,,2026-05-16T06:41:46.754Z,False,False,False,,False,,False,False,,
S-2262-1-32132,2262,Spring 2026,2025-26,CIVENG 119,32132,1,16,3.0,48.0,48.0,Cesunica Ivey,Cesunica Ivey,,1,False,,2026-05-16T06:41:46.754Z,False,False,False,,False,,False,False,,
OVR-2262-CIVENG-187,2262,Spring 2026,2025-26,CIVENG 187,32150 | 32152,2,107,3.0,321.0,321.0,Gora Datta | Raja Sengupta,Raja Sengupta,Gora Datta,1,False,,2026-05-16T06:41:46.754Z,False,False,False,,False,,False,False,,
S-2262-1-32961,2262,Spring 2026,2025-26,CIVENG 190,32961,1,49,,0.0,0.0,Maya Carrasquillo,Maya Carrasquillo,,1,True,COURSE_POLICY_EXCLUSION,2026-05-16T06:41:46.754Z,False,False,False,,True,CIVENG 190 is a reusable pilot-course number with heterogeneous sections and instructors; exclude all offerings from Version 1 SCH,False,False,,
X-2262-33901-33903,2262,Spring 2026,2025-26,CIVENG 160D,33901,1,10,3.0,30.0,30.0,Mark Hansen,Mark Hansen,,1,False,,2026-05-16T06:41:46.754Z,False,False,False,,False,,False,False,,
S-2262-1-33917,2262,Spring 2026,2025-26,CIVENG 188,33917,1,56,3.0,168.0,168.0,James Rector III,James Rector III,,1,False,,2026-05-16T06:41:46.754Z,False,False,False,,False,,False,False,,
S-2262-1-34092,2262,Spring 2026,2025-26,CIVENG 191,34092,1,43,3.0,129.0,129.0,Raja Sengupta,Raja Sengupta,,1,False,,2026-05-16T06:41:46.754Z,False,False,False,,False,,False,False,,
X-2262-34094-34095,2262,Spring 2026,2025-26,CIVENG 157,34095,1,17,3.0,51.0,51.0,Jasenka Rakas,Jasenka Rakas,,1,False,,2026-05-16T06:41:46.754Z,False,False,False,,False,,False,False,,
S-2262-1-34511,2262,Spring 2026,2025-26,CIVENG 60,34511,1,0,3.0,0.0,0.0,Staff/Unknown,Staff/Unknown,,0,True,UNRESOLVED_INSTRUCTOR,2026-05-16T06:41:46.754Z,False,True,False,,False,,False,False,,
S-2262-1-35004,2262,Spring 2026,2025-26,CIVENG 199,35004,1,1,,0.0,0.0,Dimitrios Zekkos,Dimitrios Zekkos,,1,True,VARIABLE_UNITS,2026-05-16T06:41:46.754Z,False,False,False,,False,,False,False,,
S-2262-1-35021,2262,Spring 2026,2025-26,CIVENG 199,35021,1,1,,0.0,0.0,Cynthia Gerlein-Safdi,Cynthia Gerlein-Safdi,,1,True,VARIABLE_UNITS,2026-05-16T06:41:46.754Z,False,False,False,,False,,False,False,,
S-2262-1-35056,2262,Spring 2026,2025-26,CIVENG 190,35056,1,14,,0.0,0.0,Andre Hawks,Andre Hawks,,1,True,COURSE_POLICY_EXCLUSION,2026-05-16T06:41:46.754Z,False,False,False,,True,CIVENG 190 is a reusable pilot-course number with heterogeneous sections and instructors; exclude all offerings from Version 1 SCH,False,False,,
S-2262-1-35110,2262,Spring 2026,2025-26,CIVENG H194,35110,1,0,,0.0,0.0,Ashok Gadgil,Ashok Gadgil,,1,True,VARIABLE_UNITS,2026-05-16T06:41:46.754Z,False,False,False,,False,,False,False,,
S-2262-1-35112,2262,Spring 2026,2025-26,CIVENG 197,35112,1,1,,0.0,0.0,Tracy Becker,Tracy Becker,,1,True,VARIABLE_UNITS,2026-05-16T06:41:46.754Z,False,False,False,,False,,False,False,,
S-2262-1-35138,2262,Spring 2026,2025-26,CIVENG H194,35138,1,1,,0.0,0.0,Matthew De Jong,Matthew De Jong,,1,True,VARIABLE_UNITS,2026-05-16T06:41:46.754Z,False,False,False,,False,,False,False,,
S-2262-1-35139,2262,Spring 2026,2025-26,CIVENG 98,35139,1,18,,0.0,0.0,Calton Kong,Calton Kong,,1,True,COURSE_POLICY_EXCLUSION,2026-05-16T06:41:46.754Z,False,False,False,,True,CIVENG 98/198 group-study activities are excluded consistently across all Version 1.2 terms,True,False,,
S-2262-1-35140,2262,Spring 2026,2025-26,CIVENG 98,35140,1,9,,0.0,0.0,Staff/Unknown,Staff/Unknown,,0,True,COURSE_POLICY_EXCLUSION,2026-05-16T06:41:46.754Z,False,False,False,,True,CIVENG 98/198 group-study activities are excluded consistently across all Version 1.2 terms,True,False,,
X-2262-35141-35269,2262,Spring 2026,2025-26,CIVENG 198 | CIVENG 98,35141 | 35269,2,18,,0.0,0.0,Staff/Unknown,Staff/Unknown,,0,True,COURSE_POLICY_EXCLUSION,2026-05-16T06:41:46.754Z,False,False,False,,True,CIVENG 98/198 group-study activities are excluded consistently across all Version 1.2 terms,True,False,,
S-2262-1-35194,2262,Spring 2026,2025-26,CIVENG 199,35194,1,2,,0.0,0.0,Scott Moura,Scott Moura,,1,True,VARIABLE_UNITS,2026-05-16T06:41:46.754Z,False,False,False,,False,,False,False,,
S-2262-1-35199,2262,Spring 2026,2025-26,CIVENG H194,35199,1,1,,0.0,0.0,David Sedlak,David Sedlak,,1,True,VARIABLE_UNITS,2026-05-16T06:41:46.754Z,False,False,False,,False,,False,False,,
S-2262-1-35243,2262,Spring 2026,2025-26,CIVENG 99,35243,1,1,,0.0,0.0,Michael Cassidy,Michael Cassidy,,1,True,VARIABLE_UNITS,2026-05-16T06:41:46.754Z,False,False,False,,False,,False,False,,
S-2262-1-35250,2262,Spring 2026,2025-26,ESPM 199S,35250,1,1,,0.0,0.0,Paolo D'Odorico,Paolo D'Odorico,,1,True,VARIABLE_UNITS,2026-05-16T06:41:46.754Z,False,False,False,,False,,False,False,,
S-2262-1-35254,2262,Spring 2026,2025-26,CIVENG 99,35254,1,1,,0.0,0.0,Khalid Mosalam,Khalid Mosalam,,1,True,VARIABLE_UNITS,2026-05-16T06:41:46.754Z,False,False,False,,False,,False,False,,
S-2262-1-35259,2262,Spring 2026,2025-26,CIVENG 199,35259,1,2,,0.0,0.0,Iris Tommelein,Iris Tommelein,,1,True,VARIABLE_UNITS,2026-05-16T06:41:46.754Z,False,False,False,,False,,False,False,,
S-2262-1-35270,2262,Spring 2026,2025-26,ESPM 199,35270,1,1,,0.0,0.0,Allen Goldstein,Allen Goldstein,,1,True,VARIABLE_UNITS,2026-05-16T06:41:46.754Z,False,False,False,,False,,False,False,,
S-2262-1-35303,2262,Spring 2026,2025-26,CIVENG 199,35303,1,1,,0.0,0.0,Mark Hansen,Mark Hansen,,1,True,VARIABLE_UNITS,2026-05-16T06:41:46.754Z,False,False,False,,False,,False,False,,
S-2262-1-35304,2262,Spring 2026,2025-26,CIVENG H194,35304,1,2,,0.0,0.0,SHAOFAN LI,SHAOFAN LI,,1,True,VARIABLE_UNITS,2026-05-16T06:41:46.754Z,False,False,False,,False,,False,False,,
S-2262-1-35362,2262,Spring 2026,2025-26,CIVENG 199,35362,1,2,,0.0,0.0,Ashok Gadgil,Ashok Gadgil,,1,True,VARIABLE_UNITS,2026-05-16T06:41:46.754Z,False,False,False,,False,,False,False,,
S-2262-1-35368,2262,Spring 2026,2025-26,CIVENG 199,35368,1,1,,0.0,0.0,Maya Carrasquillo,Maya Carrasquillo,,1,True,VARIABLE_UNITS,2026-05-16T06:41:46.754Z,False,False,False,,False,,False,False,,
S-2262-1-35380,2262,Spring 2026,2025-26,CIVENG 199,35380,1,1,,0.0,0.0,David Sedlak,David Sedlak,,1,True,VARIABLE_UNITS,2026-05-16T06:41:46.754Z,False,False,False,,False,,False,False,,
